query_id,category,contract_id,para_id,unit_id,score,is_gold,rank_jev,bm25_rank_first_gold,gold_injected,confidence
Q001,Expiration Date,RangeResourcesLouisianaInc_20150417_8-K_EX-10.5_9045501_EX-10.5_Transportation Agreement,RangeResourcesLouisianaInc_20150417_8-K_EX-10.5_9045501_EX-10.5_Transportation Agreement::p0008,para:RangeResourcesLouisianaInc_20150417_8-K_EX-10.5_9045501_EX-10.5_Transportation Agreement::p0008,2.23,True,1,1,False,0.23
Q001,Expiration Date,RangeResourcesLouisianaInc_20150417_8-K_EX-10.5_9045501_EX-10.5_Transportation Agreement,RangeResourcesLouisianaInc_20150417_8-K_EX-10.5_9045501_EX-10.5_Transportation Agreement::p0003,para:RangeResourcesLouisianaInc_20150417_8-K_EX-10.5_9045501_EX-10.5_Transportation Agreement::p0003,1.29,False,2,1,False,0.44
Q001,Expiration Date,RangeResourcesLouisianaInc_20150417_8-K_EX-10.5_9045501_EX-10.5_Transportation Agreement,RangeResourcesLouisianaInc_20150417_8-K_EX-10.5_9045501_EX-10.5_Transportation Agreement::p0009,para:RangeResourcesLouisianaInc_20150417_8-K_EX-10.5_9045501_EX-10.5_Transportation Agreement::p0009,0.28,False,3,1,False,0.72
Q001,Expiration Date,RangeResourcesLouisianaInc_20150417_8-K_EX-10.5_9045501_EX-10.5_Transportation Agreement,RangeResourcesLouisianaInc_20150417_8-K_EX-10.5_9045501_EX-10.5_Transportation Agreement::p0046,para:RangeResourcesLouisianaInc_20150417_8-K_EX-10.5_9045501_EX-10.5_Transportation Agreement::p0046,0.15,False,4,1,False,0.85
Q001,Expiration Date,RangeResourcesLouisianaInc_20150417_8-K_EX-10.5_9045501_EX-10.5_Transportation Agreement,RangeResourcesLouisianaInc_20150417_8-K_EX-10.5_9045501_EX-10.5_Transportation Agreement::p0002,para:RangeResourcesLouisianaInc_20150417_8-K_EX-10.5_9045501_EX-10.5_Transportation Agreement::p0002,0.13,False,5,1,False,0.87
Q001,Expiration Date,RangeResourcesLouisianaInc_20150417_8-K_EX-10.5_9045501_EX-10.5_Transportation Agreement,RangeResourcesLouisianaInc_20150417_8-K_EX-10.5_9045501_EX-10.5_Transportation Agreement::p0015,para:RangeResourcesLouisianaInc_20150417_8-K_EX-10.5_9045501_EX-10.5_Transportation Agreement::p0015,0.11,False,6,1,False,0.89
Q001,Expiration Date,RangeResourcesLouisianaInc_20150417_8-K_EX-10.5_9045501_EX-10.5_Transportation Agreement,RangeResourcesLouisianaInc_20150417_8-K_EX-10.5_9045501_EX-10.5_Transportation Agreement::p0010,para:RangeResourcesLouisianaInc_20150417_8-K_EX-10.5_9045501_EX-10.5_Transportation Agreement::p0010,0.07,False,7,1,False,0.93
Q001,Expiration Date,RangeResourcesLouisianaInc_20150417_8-K_EX-10.5_9045501_EX-10.5_Transportation Agreement,RangeResourcesLouisianaInc_20150417_8-K_EX-10.5_9045501_EX-10.5_Transportation Agreement::p0011,para:RangeResourcesLouisianaInc_20150417_8-K_EX-10.5_9045501_EX-10.5_Transportation Agreement::p0011,0.0,False,8,1,False,1.0
Q001,Expiration Date,RangeResourcesLouisianaInc_20150417_8-K_EX-10.5_9045501_EX-10.5_Transportation Agreement,RangeResourcesLouisianaInc_20150417_8-K_EX-10.5_9045501_EX-10.5_Transportation Agreement::p0065,para:RangeResourcesLouisianaInc_20150417_8-K_EX-10.5_9045501_EX-10.5_Transportation Agreement::p0065,0.0,False,9,1,False,1.0
Q001,Expiration Date,RangeResourcesLouisianaInc_20150417_8-K_EX-10.5_9045501_EX-10.5_Transportation Agreement,RangeResourcesLouisianaInc_20150417_8-K_EX-10.5_9045501_EX-10.5_Transportation Agreement::p0073,para:RangeResourcesLouisianaInc_20150417_8-K_EX-10.5_9045501_EX-10.5_Transportation Agreement::p0073,0.0,False,10,1,False,1.0
Q002,Exclusivity,CHEETAHMOBILEINC_04_22_2014-EX-10.43-Cooperation Agreement,CHEETAHMOBILEINC_04_22_2014-EX-10.43-Cooperation Agreement::p0006,para:CHEETAHMOBILEINC_04_22_2014-EX-10.43-Cooperation Agreement::p0006,2.28,False,1,12,True,0.28
Q002,Exclusivity,CHEETAHMOBILEINC_04_22_2014-EX-10.43-Cooperation Agreement,CHEETAHMOBILEINC_04_22_2014-EX-10.43-Cooperation Agreement::p0007,para:CHEETAHMOBILEINC_04_22_2014-EX-10.43-Cooperation Agreement::p0007,1.9,False,2,12,True,0.46
Q002,Exclusivity,CHEETAHMOBILEINC_04_22_2014-EX-10.43-Cooperation Agreement,CHEETAHMOBILEINC_04_22_2014-EX-10.43-Cooperation Agreement::p0020,para:CHEETAHMOBILEINC_04_22_2014-EX-10.43-Cooperation Agreement::p0020,1.61,True,3,12,True,0.31
Q002,Exclusivity,CHEETAHMOBILEINC_04_22_2014-EX-10.43-Cooperation Agreement,CHEETAHMOBILEINC_04_22_2014-EX-10.43-Cooperation Agreement::p0005,para:CHEETAHMOBILEINC_04_22_2014-EX-10.43-Cooperation Agreement::p0005,1.36,False,4,12,True,0.36
Q002,Exclusivity,CHEETAHMOBILEINC_04_22_2014-EX-10.43-Cooperation Agreement,CHEETAHMOBILEINC_04_22_2014-EX-10.43-Cooperation Agreement::p0008,para:CHEETAHMOBILEINC_04_22_2014-EX-10.43-Cooperation Agreement::p0008,0.66,False,5,12,True,0.49
Q002,Exclusivity,CHEETAHMOBILEINC_04_22_2014-EX-10.43-Cooperation Agreement,CHEETAHMOBILEINC_04_22_2014-EX-10.43-Cooperation Agreement::p0004,para:CHEETAHMOBILEINC_04_22_2014-EX-10.43-Cooperation Agreement::p0004,0.31,False,6,12,True,0.69
Q002,Exclusivity,CHEETAHMOBILEINC_04_22_2014-EX-10.43-Cooperation Agreement,CHEETAHMOBILEINC_04_22_2014-EX-10.43-Cooperation Agreement::p0013,para:CHEETAHMOBILEINC_04_22_2014-EX-10.43-Cooperation Agreement::p0013,0.09,False,7,12,True,0.91
Q002,Exclusivity,CHEETAHMOBILEINC_04_22_2014-EX-10.43-Cooperation Agreement,CHEETAHMOBILEINC_04_22_2014-EX-10.43-Cooperation Agreement::p0009,para:CHEETAHMOBILEINC_04_22_2014-EX-10.43-Cooperation Agreement::p0009,0.08,False,8,12,True,0.92
Q002,Exclusivity,CHEETAHMOBILEINC_04_22_2014-EX-10.43-Cooperation Agreement,CHEETAHMOBILEINC_04_22_2014-EX-10.43-Cooperation Agreement::p0003,para:CHEETAHMOBILEINC_04_22_2014-EX-10.43-Cooperation Agreement::p0003,0.05,False,9,12,True,0.95
Q002,Exclusivity,CHEETAHMOBILEINC_04_22_2014-EX-10.43-Cooperation Agreement,CHEETAHMOBILEINC_04_22_2014-EX-10.43-Cooperation Agreement::p0001,para:CHEETAHMOBILEINC_04_22_2014-EX-10.43-Cooperation Agreement::p0001,0.02,False,10,12,True,0.98
Q003,Covenant Not To Sue,TubeMediaCorp_20060310_8-K_EX-10.1_513921_EX-10.1_Affiliate Agreement,TubeMediaCorp_20060310_8-K_EX-10.1_513921_EX-10.1_Affiliate Agreement::p0032,para:TubeMediaCorp_20060310_8-K_EX-10.1_513921_EX-10.1_Affiliate Agreement::p0032,2.89,True,1,2,False,0.89
Q003,Covenant Not To Sue,TubeMediaCorp_20060310_8-K_EX-10.1_513921_EX-10.1_Affiliate Agreement,TubeMediaCorp_20060310_8-K_EX-10.1_513921_EX-10.1_Affiliate Agreement::p0047,para:TubeMediaCorp_20060310_8-K_EX-10.1_513921_EX-10.1_Affiliate Agreement::p0047,0.62,False,2,2,False,0.46
Q003,Covenant Not To Sue,TubeMediaCorp_20060310_8-K_EX-10.1_513921_EX-10.1_Affiliate Agreement,TubeMediaCorp_20060310_8-K_EX-10.1_513921_EX-10.1_Affiliate Agreement::p0013,para:TubeMediaCorp_20060310_8-K_EX-10.1_513921_EX-10.1_Affiliate Agreement::p0013,0.22,False,3,2,False,0.78
Q003,Covenant Not To Sue,TubeMediaCorp_20060310_8-K_EX-10.1_513921_EX-10.1_Affiliate Agreement,TubeMediaCorp_20060310_8-K_EX-10.1_513921_EX-10.1_Affiliate Agreement::p0058,para:TubeMediaCorp_20060310_8-K_EX-10.1_513921_EX-10.1_Affiliate Agreement::p0058,0.11,False,4,2,False,0.89
Q003,Covenant Not To Sue,TubeMediaCorp_20060310_8-K_EX-10.1_513921_EX-10.1_Affiliate Agreement,TubeMediaCorp_20060310_8-K_EX-10.1_513921_EX-10.1_Affiliate Agreement::p0036,para:TubeMediaCorp_20060310_8-K_EX-10.1_513921_EX-10.1_Affiliate Agreement::p0036,0.1,False,5,2,False,0.9
Q003,Covenant Not To Sue,TubeMediaCorp_20060310_8-K_EX-10.1_513921_EX-10.1_Affiliate Agreement,TubeMediaCorp_20060310_8-K_EX-10.1_513921_EX-10.1_Affiliate Agreement::p0044,para:TubeMediaCorp_20060310_8-K_EX-10.1_513921_EX-10.1_Affiliate Agreement::p0044,0.09,False,6,2,False,0.91
Q003,Covenant Not To Sue,TubeMediaCorp_20060310_8-K_EX-10.1_513921_EX-10.1_Affiliate Agreement,TubeMediaCorp_20060310_8-K_EX-10.1_513921_EX-10.1_Affiliate Agreement::p0046,para:TubeMediaCorp_20060310_8-K_EX-10.1_513921_EX-10.1_Affiliate Agreement::p0046,0.04,False,7,2,False,0.96
Q003,Covenant Not To Sue,TubeMediaCorp_20060310_8-K_EX-10.1_513921_EX-10.1_Affiliate Agreement,TubeMediaCorp_20060310_8-K_EX-10.1_513921_EX-10.1_Affiliate Agreement::p0011,para:TubeMediaCorp_20060310_8-K_EX-10.1_513921_EX-10.1_Affiliate Agreement::p0011,0.01,False,8,2,False,0.99
Q003,Covenant Not To Sue,TubeMediaCorp_20060310_8-K_EX-10.1_513921_EX-10.1_Affiliate Agreement,TubeMediaCorp_20060310_8-K_EX-10.1_513921_EX-10.1_Affiliate Agreement::p0045,para:TubeMediaCorp_20060310_8-K_EX-10.1_513921_EX-10.1_Affiliate Agreement::p0045,0.01,False,9,2,False,0.99
Q003,Covenant Not To Sue,TubeMediaCorp_20060310_8-K_EX-10.1_513921_EX-10.1_Affiliate Agreement,TubeMediaCorp_20060310_8-K_EX-10.1_513921_EX-10.1_Affiliate Agreement::p0049,para:TubeMediaCorp_20060310_8-K_EX-10.1_513921_EX-10.1_Affiliate Agreement::p0049,0.0,False,10,2,False,1.0
Q004,Expiration Date,PenntexMidstreamPartnersLp_20150416_S-1A_EX-10.4_9042833_EX-10.4_Transportation Agreement,PenntexMidstreamPartnersLp_20150416_S-1A_EX-10.4_9042833_EX-10.4_Transportation Agreement::p0038,para:PenntexMidstreamPartnersLp_20150416_S-1A_EX-10.4_9042833_EX-10.4_Transportation Agreement::p0038,1.9,True,1,1,False,0.34
Q004,Expiration Date,PenntexMidstreamPartnersLp_20150416_S-1A_EX-10.4_9042833_EX-10.4_Transportation Agreement,PenntexMidstreamPartnersLp_20150416_S-1A_EX-10.4_9042833_EX-10.4_Transportation Agreement::p0003,para:PenntexMidstreamPartnersLp_20150416_S-1A_EX-10.4_9042833_EX-10.4_Transportation Agreement::p0003,1.67,False,2,1,False,0.15
Q004,Expiration Date,PenntexMidstreamPartnersLp_20150416_S-1A_EX-10.4_9042833_EX-10.4_Transportation Agreement,PenntexMidstreamPartnersLp_20150416_S-1A_EX-10.4_9042833_EX-10.4_Transportation Agreement::p0013,para:PenntexMidstreamPartnersLp_20150416_S-1A_EX-10.4_9042833_EX-10.4_Transportation Agreement::p0013,0.19,False,3,1,False,0.81
Q004,Expiration Date,PenntexMidstreamPartnersLp_20150416_S-1A_EX-10.4_9042833_EX-10.4_Transportation Agreement,PenntexMidstreamPartnersLp_20150416_S-1A_EX-10.4_9042833_EX-10.4_Transportation Agreement::p0030,para:PenntexMidstreamPartnersLp_20150416_S-1A_EX-10.4_9042833_EX-10.4_Transportation Agreement::p0030,0.16,False,4,1,False,0.84
Q004,Expiration Date,PenntexMidstreamPartnersLp_20150416_S-1A_EX-10.4_9042833_EX-10.4_Transportation Agreement,PenntexMidstreamPartnersLp_20150416_S-1A_EX-10.4_9042833_EX-10.4_Transportation Agreement::p0002,para:PenntexMidstreamPartnersLp_20150416_S-1A_EX-10.4_9042833_EX-10.4_Transportation Agreement::p0002,0.12,False,5,1,False,0.88
Q004,Expiration Date,PenntexMidstreamPartnersLp_20150416_S-1A_EX-10.4_9042833_EX-10.4_Transportation Agreement,PenntexMidstreamPartnersLp_20150416_S-1A_EX-10.4_9042833_EX-10.4_Transportation Agreement::p0012,para:PenntexMidstreamPartnersLp_20150416_S-1A_EX-10.4_9042833_EX-10.4_Transportation Agreement::p0012,0.09,False,6,1,False,0.91
Q004,Expiration Date,PenntexMidstreamPartnersLp_20150416_S-1A_EX-10.4_9042833_EX-10.4_Transportation Agreement,PenntexMidstreamPartnersLp_20150416_S-1A_EX-10.4_9042833_EX-10.4_Transportation Agreement::p0004,para:PenntexMidstreamPartnersLp_20150416_S-1A_EX-10.4_9042833_EX-10.4_Transportation Agreement::p0004,0.03,False,7,1,False,0.97
Q004,Expiration Date,PenntexMidstreamPartnersLp_20150416_S-1A_EX-10.4_9042833_EX-10.4_Transportation Agreement,PenntexMidstreamPartnersLp_20150416_S-1A_EX-10.4_9042833_EX-10.4_Transportation Agreement::p0009,para:PenntexMidstreamPartnersLp_20150416_S-1A_EX-10.4_9042833_EX-10.4_Transportation Agreement::p0009,0.02,False,8,1,False,0.98
Q004,Expiration Date,PenntexMidstreamPartnersLp_20150416_S-1A_EX-10.4_9042833_EX-10.4_Transportation Agreement,PenntexMidstreamPartnersLp_20150416_S-1A_EX-10.4_9042833_EX-10.4_Transportation Agreement::p0016,para:PenntexMidstreamPartnersLp_20150416_S-1A_EX-10.4_9042833_EX-10.4_Transportation Agreement::p0016,0.01,False,9,1,False,0.99
Q004,Expiration Date,PenntexMidstreamPartnersLp_20150416_S-1A_EX-10.4_9042833_EX-10.4_Transportation Agreement,PenntexMidstreamPartnersLp_20150416_S-1A_EX-10.4_9042833_EX-10.4_Transportation Agreement::p0006,para:PenntexMidstreamPartnersLp_20150416_S-1A_EX-10.4_9042833_EX-10.4_Transportation Agreement::p0006,0.0,False,10,1,False,1.0
Q005,Agreement Date,GentechHoldingsInc_20190808_1-A_EX1A-6 MAT CTRCT_11776814_EX1A-6 MAT CTRCT_Distributor Agreement,GentechHoldingsInc_20190808_1-A_EX1A-6 MAT CTRCT_11776814_EX1A-6 MAT CTRCT_Distributor Agreement::p0000,para:GentechHoldingsInc_20190808_1-A_EX1A-6 MAT CTRCT_11776814_EX1A-6 MAT CTRCT_Distributor Agreement::p0000,3.0,True,1,7,False,1.0
Q005,Agreement Date,GentechHoldingsInc_20190808_1-A_EX1A-6 MAT CTRCT_11776814_EX1A-6 MAT CTRCT_Distributor Agreement,GentechHoldingsInc_20190808_1-A_EX1A-6 MAT CTRCT_11776814_EX1A-6 MAT CTRCT_Distributor Agreement::p0023,para:GentechHoldingsInc_20190808_1-A_EX1A-6 MAT CTRCT_11776814_EX1A-6 MAT CTRCT_Distributor Agreement::p0023,2.66,False,2,7,False,0.66
Q005,Agreement Date,GentechHoldingsInc_20190808_1-A_EX1A-6 MAT CTRCT_11776814_EX1A-6 MAT CTRCT_Distributor Agreement,GentechHoldingsInc_20190808_1-A_EX1A-6 MAT CTRCT_11776814_EX1A-6 MAT CTRCT_Distributor Agreement::p0013,para:GentechHoldingsInc_20190808_1-A_EX1A-6 MAT CTRCT_11776814_EX1A-6 MAT CTRCT_Distributor Agreement::p0013,2.1,False,3,7,False,0.1
Q005,Agreement Date,GentechHoldingsInc_20190808_1-A_EX1A-6 MAT CTRCT_11776814_EX1A-6 MAT CTRCT_Distributor Agreement,GentechHoldingsInc_20190808_1-A_EX1A-6 MAT CTRCT_11776814_EX1A-6 MAT CTRCT_Distributor Agreement::p0004,para:GentechHoldingsInc_20190808_1-A_EX1A-6 MAT CTRCT_11776814_EX1A-6 MAT CTRCT_Distributor Agreement::p0004,0.58,False,4,7,False,0.42
Q005,Agreement Date,GentechHoldingsInc_20190808_1-A_EX1A-6 MAT CTRCT_11776814_EX1A-6 MAT CTRCT_Distributor Agreement,GentechHoldingsInc_20190808_1-A_EX1A-6 MAT CTRCT_11776814_EX1A-6 MAT CTRCT_Distributor Agreement::p0014,para:GentechHoldingsInc_20190808_1-A_EX1A-6 MAT CTRCT_11776814_EX1A-6 MAT CTRCT_Distributor Agreement::p0014,0.27,False,5,7,False,0.73
Q005,Agreement Date,GentechHoldingsInc_20190808_1-A_EX1A-6 MAT CTRCT_11776814_EX1A-6 MAT CTRCT_Distributor Agreement,GentechHoldingsInc_20190808_1-A_EX1A-6 MAT CTRCT_11776814_EX1A-6 MAT CTRCT_Distributor Agreement::p0007,para:GentechHoldingsInc_20190808_1-A_EX1A-6 MAT CTRCT_11776814_EX1A-6 MAT CTRCT_Distributor Agreement::p0007,0.15,False,6,7,False,0.85
Q005,Agreement Date,GentechHoldingsInc_20190808_1-A_EX1A-6 MAT CTRCT_11776814_EX1A-6 MAT CTRCT_Distributor Agreement,GentechHoldingsInc_20190808_1-A_EX1A-6 MAT CTRCT_11776814_EX1A-6 MAT CTRCT_Distributor Agreement::p0019,para:GentechHoldingsInc_20190808_1-A_EX1A-6 MAT CTRCT_11776814_EX1A-6 MAT CTRCT_Distributor Agreement::p0019,0.1,False,7,7,False,0.9
Q005,Agreement Date,GentechHoldingsInc_20190808_1-A_EX1A-6 MAT CTRCT_11776814_EX1A-6 MAT CTRCT_Distributor Agreement,GentechHoldingsInc_20190808_1-A_EX1A-6 MAT CTRCT_11776814_EX1A-6 MAT CTRCT_Distributor Agreement::p0017,para:GentechHoldingsInc_20190808_1-A_EX1A-6 MAT CTRCT_11776814_EX1A-6 MAT CTRCT_Distributor Agreement::p0017,0.08,False,8,7,False,0.92
Q005,Agreement Date,GentechHoldingsInc_20190808_1-A_EX1A-6 MAT CTRCT_11776814_EX1A-6 MAT CTRCT_Distributor Agreement,GentechHoldingsInc_20190808_1-A_EX1A-6 MAT CTRCT_11776814_EX1A-6 MAT CTRCT_Distributor Agreement::p0011,para:GentechHoldingsInc_20190808_1-A_EX1A-6 MAT CTRCT_11776814_EX1A-6 MAT CTRCT_Distributor Agreement::p0011,0.06,False,9,7,False,0.94
Q005,Agreement Date,GentechHoldingsInc_20190808_1-A_EX1A-6 MAT CTRCT_11776814_EX1A-6 MAT CTRCT_Distributor Agreement,GentechHoldingsInc_20190808_1-A_EX1A-6 MAT CTRCT_11776814_EX1A-6 MAT CTRCT_Distributor Agreement::p0021,para:GentechHoldingsInc_20190808_1-A_EX1A-6 MAT CTRCT_11776814_EX1A-6 MAT CTRCT_Distributor Agreement::p0021,0.04,False,10,7,False,0.96
Q006,Competitive Restriction Exception,IGENEBIOTECHNOLOGYINC_05_13_2003-EX-1-JOINT VENTURE AGREEMENT,IGENEBIOTECHNOLOGYINC_05_13_2003-EX-1-JOINT VENTURE AGREEMENT::p0018,para:IGENEBIOTECHNOLOGYINC_05_13_2003-EX-1-JOINT VENTURE AGREEMENT::p0018,2.84,True,1,20,True,0.84
Q006,Competitive Restriction Exception,IGENEBIOTECHNOLOGYINC_05_13_2003-EX-1-JOINT VENTURE AGREEMENT,IGENEBIOTECHNOLOGYINC_05_13_2003-EX-1-JOINT VENTURE AGREEMENT::p0007,para:IGENEBIOTECHNOLOGYINC_05_13_2003-EX-1-JOINT VENTURE AGREEMENT::p0007,0.17,False,2,20,True,0.83
Q006,Competitive Restriction Exception,IGENEBIOTECHNOLOGYINC_05_13_2003-EX-1-JOINT VENTURE AGREEMENT,IGENEBIOTECHNOLOGYINC_05_13_2003-EX-1-JOINT VENTURE AGREEMENT::p0056,para:IGENEBIOTECHNOLOGYINC_05_13_2003-EX-1-JOINT VENTURE AGREEMENT::p0056,0.05,False,3,20,True,0.95
Q006,Competitive Restriction Exception,IGENEBIOTECHNOLOGYINC_05_13_2003-EX-1-JOINT VENTURE AGREEMENT,IGENEBIOTECHNOLOGYINC_05_13_2003-EX-1-JOINT VENTURE AGREEMENT::p0047,para:IGENEBIOTECHNOLOGYINC_05_13_2003-EX-1-JOINT VENTURE AGREEMENT::p0047,0.03,False,4,20,True,0.97
Q006,Competitive Restriction Exception,IGENEBIOTECHNOLOGYINC_05_13_2003-EX-1-JOINT VENTURE AGREEMENT,IGENEBIOTECHNOLOGYINC_05_13_2003-EX-1-JOINT VENTURE AGREEMENT::p0048,para:IGENEBIOTECHNOLOGYINC_05_13_2003-EX-1-JOINT VENTURE AGREEMENT::p0048,0.01,False,5,20,True,0.99
Q006,Competitive Restriction Exception,IGENEBIOTECHNOLOGYINC_05_13_2003-EX-1-JOINT VENTURE AGREEMENT,IGENEBIOTECHNOLOGYINC_05_13_2003-EX-1-JOINT VENTURE AGREEMENT::p0006,para:IGENEBIOTECHNOLOGYINC_05_13_2003-EX-1-JOINT VENTURE AGREEMENT::p0006,0.01,False,6,20,True,0.99
Q006,Competitive Restriction Exception,IGENEBIOTECHNOLOGYINC_05_13_2003-EX-1-JOINT VENTURE AGREEMENT,IGENEBIOTECHNOLOGYINC_05_13_2003-EX-1-JOINT VENTURE AGREEMENT::p0002,para:IGENEBIOTECHNOLOGYINC_05_13_2003-EX-1-JOINT VENTURE AGREEMENT::p0002,0.01,False,7,20,True,0.99
Q006,Competitive Restriction Exception,IGENEBIOTECHNOLOGYINC_05_13_2003-EX-1-JOINT VENTURE AGREEMENT,IGENEBIOTECHNOLOGYINC_05_13_2003-EX-1-JOINT VENTURE AGREEMENT::p0045,para:IGENEBIOTECHNOLOGYINC_05_13_2003-EX-1-JOINT VENTURE AGREEMENT::p0045,0.01,False,8,20,True,0.99
Q006,Competitive Restriction Exception,IGENEBIOTECHNOLOGYINC_05_13_2003-EX-1-JOINT VENTURE AGREEMENT,IGENEBIOTECHNOLOGYINC_05_13_2003-EX-1-JOINT VENTURE AGREEMENT::p0026,para:IGENEBIOTECHNOLOGYINC_05_13_2003-EX-1-JOINT VENTURE AGREEMENT::p0026,0.0,False,9,20,True,1.0
Q006,Competitive Restriction Exception,IGENEBIOTECHNOLOGYINC_05_13_2003-EX-1-JOINT VENTURE AGREEMENT,IGENEBIOTECHNOLOGYINC_05_13_2003-EX-1-JOINT VENTURE AGREEMENT::p0010,para:IGENEBIOTECHNOLOGYINC_05_13_2003-EX-1-JOINT VENTURE AGREEMENT::p0010,0.0,False,10,20,True,1.0
Q007,Volume Restriction,SoupmanInc_20150814_8-K_EX-10.1_9230148_EX-10.1_Franchise Agreement1,SoupmanInc_20150814_8-K_EX-10.1_9230148_EX-10.1_Franchise Agreement1::p0065,para:SoupmanInc_20150814_8-K_EX-10.1_9230148_EX-10.1_Franchise Agreement1::p0065,0.33,False,1,10,False,0.67
Q007,Volume Restriction,SoupmanInc_20150814_8-K_EX-10.1_9230148_EX-10.1_Franchise Agreement1,SoupmanInc_20150814_8-K_EX-10.1_9230148_EX-10.1_Franchise Agreement1::p0040,para:SoupmanInc_20150814_8-K_EX-10.1_9230148_EX-10.1_Franchise Agreement1::p0040,0.2,False,2,10,False,0.8
Q007,Volume Restriction,SoupmanInc_20150814_8-K_EX-10.1_9230148_EX-10.1_Franchise Agreement1,SoupmanInc_20150814_8-K_EX-10.1_9230148_EX-10.1_Franchise Agreement1::p0025,para:SoupmanInc_20150814_8-K_EX-10.1_9230148_EX-10.1_Franchise Agreement1::p0025,0.16,False,3,10,False,0.84
Q007,Volume Restriction,SoupmanInc_20150814_8-K_EX-10.1_9230148_EX-10.1_Franchise Agreement1,SoupmanInc_20150814_8-K_EX-10.1_9230148_EX-10.1_Franchise Agreement1::p0020,para:SoupmanInc_20150814_8-K_EX-10.1_9230148_EX-10.1_Franchise Agreement1::p0020,0.06,False,4,10,False,0.94
Q007,Volume Restriction,SoupmanInc_20150814_8-K_EX-10.1_9230148_EX-10.1_Franchise Agreement1,SoupmanInc_20150814_8-K_EX-10.1_9230148_EX-10.1_Franchise Agreement1::p0068,para:SoupmanInc_20150814_8-K_EX-10.1_9230148_EX-10.1_Franchise Agreement1::p0068,0.05,True,5,10,False,0.95
Q007,Volume Restriction,SoupmanInc_20150814_8-K_EX-10.1_9230148_EX-10.1_Franchise Agreement1,SoupmanInc_20150814_8-K_EX-10.1_9230148_EX-10.1_Franchise Agreement1::p0086,para:SoupmanInc_20150814_8-K_EX-10.1_9230148_EX-10.1_Franchise Agreement1::p0086,0.01,False,6,10,False,0.99
Q007,Volume Restriction,SoupmanInc_20150814_8-K_EX-10.1_9230148_EX-10.1_Franchise Agreement1,SoupmanInc_20150814_8-K_EX-10.1_9230148_EX-10.1_Franchise Agreement1::p0063,para:SoupmanInc_20150814_8-K_EX-10.1_9230148_EX-10.1_Franchise Agreement1::p0063,0.01,False,7,10,False,0.99
Q007,Volume Restriction,SoupmanInc_20150814_8-K_EX-10.1_9230148_EX-10.1_Franchise Agreement1,SoupmanInc_20150814_8-K_EX-10.1_9230148_EX-10.1_Franchise Agreement1::p0036,para:SoupmanInc_20150814_8-K_EX-10.1_9230148_EX-10.1_Franchise Agreement1::p0036,0.01,False,8,10,False,0.99
Q007,Volume Restriction,SoupmanInc_20150814_8-K_EX-10.1_9230148_EX-10.1_Franchise Agreement1,SoupmanInc_20150814_8-K_EX-10.1_9230148_EX-10.1_Franchise Agreement1::p0113,para:SoupmanInc_20150814_8-K_EX-10.1_9230148_EX-10.1_Franchise Agreement1::p0113,0.0,False,9,10,False,1.0
Q007,Volume Restriction,SoupmanInc_20150814_8-K_EX-10.1_9230148_EX-10.1_Franchise Agreement1,SoupmanInc_20150814_8-K_EX-10.1_9230148_EX-10.1_Franchise Agreement1::p0107,para:SoupmanInc_20150814_8-K_EX-10.1_9230148_EX-10.1_Franchise Agreement1::p0107,0.0,False,10,10,False,1.0
Q008,Agreement Date,GLOBALTECHNOLOGIESLTD_06_08_2020-EX-10.16-CONSULTING AGREEMENT,GLOBALTECHNOLOGIESLTD_06_08_2020-EX-10.16-CONSULTING AGREEMENT::p0000,para:GLOBALTECHNOLOGIESLTD_06_08_2020-EX-10.16-CONSULTING AGREEMENT::p0000,3.0,True,1,7,False,1.0
Q008,Agreement Date,GLOBALTECHNOLOGIESLTD_06_08_2020-EX-10.16-CONSULTING AGREEMENT,GLOBALTECHNOLOGIESLTD_06_08_2020-EX-10.16-CONSULTING AGREEMENT::p0016,para:GLOBALTECHNOLOGIESLTD_06_08_2020-EX-10.16-CONSULTING AGREEMENT::p0016,2.63,False,2,7,False,0.63
Q008,Agreement Date,GLOBALTECHNOLOGIESLTD_06_08_2020-EX-10.16-CONSULTING AGREEMENT,GLOBALTECHNOLOGIESLTD_06_08_2020-EX-10.16-CONSULTING AGREEMENT::p0001,para:GLOBALTECHNOLOGIESLTD_06_08_2020-EX-10.16-CONSULTING AGREEMENT::p0001,2.41,False,3,7,False,0.41
Q008,Agreement Date,GLOBALTECHNOLOGIESLTD_06_08_2020-EX-10.16-CONSULTING AGREEMENT,GLOBALTECHNOLOGIESLTD_06_08_2020-EX-10.16-CONSULTING AGREEMENT::p0011,para:GLOBALTECHNOLOGIESLTD_06_08_2020-EX-10.16-CONSULTING AGREEMENT::p0011,0.1,False,4,7,False,0.9
Q008,Agreement Date,GLOBALTECHNOLOGIESLTD_06_08_2020-EX-10.16-CONSULTING AGREEMENT,GLOBALTECHNOLOGIESLTD_06_08_2020-EX-10.16-CONSULTING AGREEMENT::p0004,para:GLOBALTECHNOLOGIESLTD_06_08_2020-EX-10.16-CONSULTING AGREEMENT::p0004,0.1,False,5,7,False,0.9
Q008,Agreement Date,GLOBALTECHNOLOGIESLTD_06_08_2020-EX-10.16-CONSULTING AGREEMENT,GLOBALTECHNOLOGIESLTD_06_08_2020-EX-10.16-CONSULTING AGREEMENT::p0007,para:GLOBALTECHNOLOGIESLTD_06_08_2020-EX-10.16-CONSULTING AGREEMENT::p0007,0.09,False,6,7,False,0.91
Q008,Agreement Date,GLOBALTECHNOLOGIESLTD_06_08_2020-EX-10.16-CONSULTING AGREEMENT,GLOBALTECHNOLOGIESLTD_06_08_2020-EX-10.16-CONSULTING AGREEMENT::p0008,para:GLOBALTECHNOLOGIESLTD_06_08_2020-EX-10.16-CONSULTING AGREEMENT::p0008,0.09,False,7,7,False,0.91
Q008,Agreement Date,GLOBALTECHNOLOGIESLTD_06_08_2020-EX-10.16-CONSULTING AGREEMENT,GLOBALTECHNOLOGIESLTD_06_08_2020-EX-10.16-CONSULTING AGREEMENT::p0010,para:GLOBALTECHNOLOGIESLTD_06_08_2020-EX-10.16-CONSULTING AGREEMENT::p0010,0.06,False,8,7,False,0.94
Q008,Agreement Date,GLOBALTECHNOLOGIESLTD_06_08_2020-EX-10.16-CONSULTING AGREEMENT,GLOBALTECHNOLOGIESLTD_06_08_2020-EX-10.16-CONSULTING AGREEMENT::p0005,para:GLOBALTECHNOLOGIESLTD_06_08_2020-EX-10.16-CONSULTING AGREEMENT::p0005,0.05,False,9,7,False,0.95
Q008,Agreement Date,GLOBALTECHNOLOGIESLTD_06_08_2020-EX-10.16-CONSULTING AGREEMENT,GLOBALTECHNOLOGIESLTD_06_08_2020-EX-10.16-CONSULTING AGREEMENT::p0013,para:GLOBALTECHNOLOGIESLTD_06_08_2020-EX-10.16-CONSULTING AGREEMENT::p0013,0.03,False,10,7,False,0.97
Q009,License Grant,ANIXABIOSCIENCESINC_06_09_2020-EX-10.1-COLLABORATION AGREEMENT,ANIXABIOSCIENCESINC_06_09_2020-EX-10.1-COLLABORATION AGREEMENT::p0023,para:ANIXABIOSCIENCESINC_06_09_2020-EX-10.1-COLLABORATION AGREEMENT::p0023,3.0,True,1,1,False,1.0
Q009,License Grant,ANIXABIOSCIENCESINC_06_09_2020-EX-10.1-COLLABORATION AGREEMENT,ANIXABIOSCIENCESINC_06_09_2020-EX-10.1-COLLABORATION AGREEMENT::p0006,para:ANIXABIOSCIENCESINC_06_09_2020-EX-10.1-COLLABORATION AGREEMENT::p0006,1.3,False,2,1,False,0.48
Q009,License Grant,ANIXABIOSCIENCESINC_06_09_2020-EX-10.1-COLLABORATION AGREEMENT,ANIXABIOSCIENCESINC_06_09_2020-EX-10.1-COLLABORATION AGREEMENT::p0026,para:ANIXABIOSCIENCESINC_06_09_2020-EX-10.1-COLLABORATION AGREEMENT::p0026,0.6,False,3,1,False,0.4
Q009,License Grant,ANIXABIOSCIENCESINC_06_09_2020-EX-10.1-COLLABORATION AGREEMENT,ANIXABIOSCIENCESINC_06_09_2020-EX-10.1-COLLABORATION AGREEMENT::p0027,para:ANIXABIOSCIENCESINC_06_09_2020-EX-10.1-COLLABORATION AGREEMENT::p0027,0.33,False,4,1,False,0.67
Q009,License Grant,ANIXABIOSCIENCESINC_06_09_2020-EX-10.1-COLLABORATION AGREEMENT,ANIXABIOSCIENCESINC_06_09_2020-EX-10.1-COLLABORATION AGREEMENT::p0024,para:ANIXABIOSCIENCESINC_06_09_2020-EX-10.1-COLLABORATION AGREEMENT::p0024,0.31,False,5,1,False,0.69
Q009,License Grant,ANIXABIOSCIENCESINC_06_09_2020-EX-10.1-COLLABORATION AGREEMENT,ANIXABIOSCIENCESINC_06_09_2020-EX-10.1-COLLABORATION AGREEMENT::p0007,para:ANIXABIOSCIENCESINC_06_09_2020-EX-10.1-COLLABORATION AGREEMENT::p0007,0.3,False,6,1,False,0.7
Q009,License Grant,ANIXABIOSCIENCESINC_06_09_2020-EX-10.1-COLLABORATION AGREEMENT,ANIXABIOSCIENCESINC_06_09_2020-EX-10.1-COLLABORATION AGREEMENT::p0021,para:ANIXABIOSCIENCESINC_06_09_2020-EX-10.1-COLLABORATION AGREEMENT::p0021,0.2,False,7,1,False,0.8
Q009,License Grant,ANIXABIOSCIENCESINC_06_09_2020-EX-10.1-COLLABORATION AGREEMENT,ANIXABIOSCIENCESINC_06_09_2020-EX-10.1-COLLABORATION AGREEMENT::p0034,para:ANIXABIOSCIENCESINC_06_09_2020-EX-10.1-COLLABORATION AGREEMENT::p0034,0.06,False,8,1,False,0.94
Q009,License Grant,ANIXABIOSCIENCESINC_06_09_2020-EX-10.1-COLLABORATION AGREEMENT,ANIXABIOSCIENCESINC_06_09_2020-EX-10.1-COLLABORATION AGREEMENT::p0001,para:ANIXABIOSCIENCESINC_06_09_2020-EX-10.1-COLLABORATION AGREEMENT::p0001,0.06,False,9,1,False,0.94
Q009,License Grant,ANIXABIOSCIENCESINC_06_09_2020-EX-10.1-COLLABORATION AGREEMENT,ANIXABIOSCIENCESINC_06_09_2020-EX-10.1-COLLABORATION AGREEMENT::p0033,para:ANIXABIOSCIENCESINC_06_09_2020-EX-10.1-COLLABORATION AGREEMENT::p0033,0.01,False,10,1,False,0.99
Q010,Ip Ownership Assignment,HEALTHGATEDATACORP_11_24_1999-EX-10.1-HOSTING AND MANAGEMENT AGREEMENT (1),HEALTHGATEDATACORP_11_24_1999-EX-10.1-HOSTING AND MANAGEMENT AGREEMENT (1)::p0030,para:HEALTHGATEDATACORP_11_24_1999-EX-10.1-HOSTING AND MANAGEMENT AGREEMENT (1)::p0030,3.0,False,1,50,True,1.0
Q010,Ip Ownership Assignment,HEALTHGATEDATACORP_11_24_1999-EX-10.1-HOSTING AND MANAGEMENT AGREEMENT (1),HEALTHGATEDATACORP_11_24_1999-EX-10.1-HOSTING AND MANAGEMENT AGREEMENT (1)::p0006,para:HEALTHGATEDATACORP_11_24_1999-EX-10.1-HOSTING AND MANAGEMENT AGREEMENT (1)::p0006,2.93,True,2,50,True,0.93
Q010,Ip Ownership Assignment,HEALTHGATEDATACORP_11_24_1999-EX-10.1-HOSTING AND MANAGEMENT AGREEMENT (1),HEALTHGATEDATACORP_11_24_1999-EX-10.1-HOSTING AND MANAGEMENT AGREEMENT (1)::p0011,para:HEALTHGATEDATACORP_11_24_1999-EX-10.1-HOSTING AND MANAGEMENT AGREEMENT (1)::p0011,1.38,False,3,50,True,0.29
Q010,Ip Ownership Assignment,HEALTHGATEDATACORP_11_24_1999-EX-10.1-HOSTING AND MANAGEMENT AGREEMENT (1),HEALTHGATEDATACORP_11_24_1999-EX-10.1-HOSTING AND MANAGEMENT AGREEMENT (1)::p0029,para:HEALTHGATEDATACORP_11_24_1999-EX-10.1-HOSTING AND MANAGEMENT AGREEMENT (1)::p0029,0.24,False,4,50,True,0.76
Q010,Ip Ownership Assignment,HEALTHGATEDATACORP_11_24_1999-EX-10.1-HOSTING AND MANAGEMENT AGREEMENT (1),HEALTHGATEDATACORP_11_24_1999-EX-10.1-HOSTING AND MANAGEMENT AGREEMENT (1)::p0037,para:HEALTHGATEDATACORP_11_24_1999-EX-10.1-HOSTING AND MANAGEMENT AGREEMENT (1)::p0037,0.14,False,5,50,True,0.86
Q010,Ip Ownership Assignment,HEALTHGATEDATACORP_11_24_1999-EX-10.1-HOSTING AND MANAGEMENT AGREEMENT (1),HEALTHGATEDATACORP_11_24_1999-EX-10.1-HOSTING AND MANAGEMENT AGREEMENT (1)::p0036,para:HEALTHGATEDATACORP_11_24_1999-EX-10.1-HOSTING AND MANAGEMENT AGREEMENT (1)::p0036,0.11,False,6,50,True,0.89
Q010,Ip Ownership Assignment,HEALTHGATEDATACORP_11_24_1999-EX-10.1-HOSTING AND MANAGEMENT AGREEMENT (1),HEALTHGATEDATACORP_11_24_1999-EX-10.1-HOSTING AND MANAGEMENT AGREEMENT (1)::p0034,para:HEALTHGATEDATACORP_11_24_1999-EX-10.1-HOSTING AND MANAGEMENT AGREEMENT (1)::p0034,0.09,False,7,50,True,0.91
Q010,Ip Ownership Assignment,HEALTHGATEDATACORP_11_24_1999-EX-10.1-HOSTING AND MANAGEMENT AGREEMENT (1),HEALTHGATEDATACORP_11_24_1999-EX-10.1-HOSTING AND MANAGEMENT AGREEMENT (1)::p0039,para:HEALTHGATEDATACORP_11_24_1999-EX-10.1-HOSTING AND MANAGEMENT AGREEMENT (1)::p0039,0.03,False,8,50,True,0.97
Q010,Ip Ownership Assignment,HEALTHGATEDATACORP_11_24_1999-EX-10.1-HOSTING AND MANAGEMENT AGREEMENT (1),HEALTHGATEDATACORP_11_24_1999-EX-10.1-HOSTING AND MANAGEMENT AGREEMENT (1)::p0044,para:HEALTHGATEDATACORP_11_24_1999-EX-10.1-HOSTING AND MANAGEMENT AGREEMENT (1)::p0044,0.03,False,9,50,True,0.97
Q010,Ip Ownership Assignment,HEALTHGATEDATACORP_11_24_1999-EX-10.1-HOSTING AND MANAGEMENT AGREEMENT (1),HEALTHGATEDATACORP_11_24_1999-EX-10.1-HOSTING AND MANAGEMENT AGREEMENT (1)::p0024,para:HEALTHGATEDATACORP_11_24_1999-EX-10.1-HOSTING AND MANAGEMENT AGREEMENT (1)::p0024,0.02,False,10,50,True,0.98
Q011,No-Solicit Of Customers,AMERICANPHYSICIANSCAPITALINC_03_31_2003-EX-10.26-AGENCY AGREEMENT,AMERICANPHYSICIANSCAPITALINC_03_31_2003-EX-10.26-AGENCY AGREEMENT::p0005,para:AMERICANPHYSICIANSCAPITALINC_03_31_2003-EX-10.26-AGENCY AGREEMENT::p0005,2.95,True,1,4,False,0.95
Q011,No-Solicit Of Customers,AMERICANPHYSICIANSCAPITALINC_03_31_2003-EX-10.26-AGENCY AGREEMENT,AMERICANPHYSICIANSCAPITALINC_03_31_2003-EX-10.26-AGENCY AGREEMENT::p0004,para:AMERICANPHYSICIANSCAPITALINC_03_31_2003-EX-10.26-AGENCY AGREEMENT::p0004,2.85,False,2,4,False,0.85
Q011,No-Solicit Of Customers,AMERICANPHYSICIANSCAPITALINC_03_31_2003-EX-10.26-AGENCY AGREEMENT,AMERICANPHYSICIANSCAPITALINC_03_31_2003-EX-10.26-AGENCY AGREEMENT::p0001,para:AMERICANPHYSICIANSCAPITALINC_03_31_2003-EX-10.26-AGENCY AGREEMENT::p0001,0.24,False,3,4,False,0.76
Q011,No-Solicit Of Customers,AMERICANPHYSICIANSCAPITALINC_03_31_2003-EX-10.26-AGENCY AGREEMENT,AMERICANPHYSICIANSCAPITALINC_03_31_2003-EX-10.26-AGENCY AGREEMENT::p0000,para:AMERICANPHYSICIANSCAPITALINC_03_31_2003-EX-10.26-AGENCY AGREEMENT::p0000,0.14,False,4,4,False,0.86
Q011,No-Solicit Of Customers,AMERICANPHYSICIANSCAPITALINC_03_31_2003-EX-10.26-AGENCY AGREEMENT,AMERICANPHYSICIANSCAPITALINC_03_31_2003-EX-10.26-AGENCY AGREEMENT::p0008,para:AMERICANPHYSICIANSCAPITALINC_03_31_2003-EX-10.26-AGENCY AGREEMENT::p0008,0.11,False,5,4,False,0.89
Q011,No-Solicit Of Customers,AMERICANPHYSICIANSCAPITALINC_03_31_2003-EX-10.26-AGENCY AGREEMENT,AMERICANPHYSICIANSCAPITALINC_03_31_2003-EX-10.26-AGENCY AGREEMENT::p0013,para:AMERICANPHYSICIANSCAPITALINC_03_31_2003-EX-10.26-AGENCY AGREEMENT::p0013,0.03,False,6,4,False,0.97
Q011,No-Solicit Of Customers,AMERICANPHYSICIANSCAPITALINC_03_31_2003-EX-10.26-AGENCY AGREEMENT,AMERICANPHYSICIANSCAPITALINC_03_31_2003-EX-10.26-AGENCY AGREEMENT::p0006,para:AMERICANPHYSICIANSCAPITALINC_03_31_2003-EX-10.26-AGENCY AGREEMENT::p0006,0.02,False,7,4,False,0.98
Q011,No-Solicit Of Customers,AMERICANPHYSICIANSCAPITALINC_03_31_2003-EX-10.26-AGENCY AGREEMENT,AMERICANPHYSICIANSCAPITALINC_03_31_2003-EX-10.26-AGENCY AGREEMENT::p0012,para:AMERICANPHYSICIANSCAPITALINC_03_31_2003-EX-10.26-AGENCY AGREEMENT::p0012,0.01,False,8,4,False,0.99
Q011,No-Solicit Of Customers,AMERICANPHYSICIANSCAPITALINC_03_31_2003-EX-10.26-AGENCY AGREEMENT,AMERICANPHYSICIANSCAPITALINC_03_31_2003-EX-10.26-AGENCY AGREEMENT::p0014,para:AMERICANPHYSICIANSCAPITALINC_03_31_2003-EX-10.26-AGENCY AGREEMENT::p0014,0.0,False,9,4,False,1.0
Q011,No-Solicit Of Customers,AMERICANPHYSICIANSCAPITALINC_03_31_2003-EX-10.26-AGENCY AGREEMENT,AMERICANPHYSICIANSCAPITALINC_03_31_2003-EX-10.26-AGENCY AGREEMENT::p0011,para:AMERICANPHYSICIANSCAPITALINC_03_31_2003-EX-10.26-AGENCY AGREEMENT::p0011,0.0,False,10,4,False,1.0
Q012,Document Name,"WHITESMOKE,INC_11_08_2011-EX-10.26-PROMOTION AND DISTRIBUTION AGREEMENT","WHITESMOKE,INC_11_08_2011-EX-10.26-PROMOTION AND DISTRIBUTION AGREEMENT::p0000","para:WHITESMOKE,INC_11_08_2011-EX-10.26-PROMOTION AND DISTRIBUTION AGREEMENT::p0000",2.98,True,1,6,False,0.98
Q012,Document Name,"WHITESMOKE,INC_11_08_2011-EX-10.26-PROMOTION AND DISTRIBUTION AGREEMENT","WHITESMOKE,INC_11_08_2011-EX-10.26-PROMOTION AND DISTRIBUTION AGREEMENT::p0028","para:WHITESMOKE,INC_11_08_2011-EX-10.26-PROMOTION AND DISTRIBUTION AGREEMENT::p0028",1.23,False,2,6,False,0.15
Q012,Document Name,"WHITESMOKE,INC_11_08_2011-EX-10.26-PROMOTION AND DISTRIBUTION AGREEMENT","WHITESMOKE,INC_11_08_2011-EX-10.26-PROMOTION AND DISTRIBUTION AGREEMENT::p0033","para:WHITESMOKE,INC_11_08_2011-EX-10.26-PROMOTION AND DISTRIBUTION AGREEMENT::p0033",1.22,False,3,6,False,0.33
Q012,Document Name,"WHITESMOKE,INC_11_08_2011-EX-10.26-PROMOTION AND DISTRIBUTION AGREEMENT","WHITESMOKE,INC_11_08_2011-EX-10.26-PROMOTION AND DISTRIBUTION AGREEMENT::p0039","para:WHITESMOKE,INC_11_08_2011-EX-10.26-PROMOTION AND DISTRIBUTION AGREEMENT::p0039",1.22,False,4,6,False,0.24
Q012,Document Name,"WHITESMOKE,INC_11_08_2011-EX-10.26-PROMOTION AND DISTRIBUTION AGREEMENT","WHITESMOKE,INC_11_08_2011-EX-10.26-PROMOTION AND DISTRIBUTION AGREEMENT::p0008","para:WHITESMOKE,INC_11_08_2011-EX-10.26-PROMOTION AND DISTRIBUTION AGREEMENT::p0008",1.04,False,5,6,False,0.0
Q012,Document Name,"WHITESMOKE,INC_11_08_2011-EX-10.26-PROMOTION AND DISTRIBUTION AGREEMENT","WHITESMOKE,INC_11_08_2011-EX-10.26-PROMOTION AND DISTRIBUTION AGREEMENT::p0046","para:WHITESMOKE,INC_11_08_2011-EX-10.26-PROMOTION AND DISTRIBUTION AGREEMENT::p0046",0.95,False,6,6,False,0.05
Q012,Document Name,"WHITESMOKE,INC_11_08_2011-EX-10.26-PROMOTION AND DISTRIBUTION AGREEMENT","WHITESMOKE,INC_11_08_2011-EX-10.26-PROMOTION AND DISTRIBUTION AGREEMENT::p0027","para:WHITESMOKE,INC_11_08_2011-EX-10.26-PROMOTION AND DISTRIBUTION AGREEMENT::p0027",0.84,False,7,6,False,0.16
Q012,Document Name,"WHITESMOKE,INC_11_08_2011-EX-10.26-PROMOTION AND DISTRIBUTION AGREEMENT","WHITESMOKE,INC_11_08_2011-EX-10.26-PROMOTION AND DISTRIBUTION AGREEMENT::p0049","para:WHITESMOKE,INC_11_08_2011-EX-10.26-PROMOTION AND DISTRIBUTION AGREEMENT::p0049",0.62,False,8,6,False,0.38
Q012,Document Name,"WHITESMOKE,INC_11_08_2011-EX-10.26-PROMOTION AND DISTRIBUTION AGREEMENT","WHITESMOKE,INC_11_08_2011-EX-10.26-PROMOTION AND DISTRIBUTION AGREEMENT::p0036","para:WHITESMOKE,INC_11_08_2011-EX-10.26-PROMOTION AND DISTRIBUTION AGREEMENT::p0036",0.42,False,9,6,False,0.58
Q012,Document Name,"WHITESMOKE,INC_11_08_2011-EX-10.26-PROMOTION AND DISTRIBUTION AGREEMENT","WHITESMOKE,INC_11_08_2011-EX-10.26-PROMOTION AND DISTRIBUTION AGREEMENT::p0002","para:WHITESMOKE,INC_11_08_2011-EX-10.26-PROMOTION AND DISTRIBUTION AGREEMENT::p0002",0.41,False,10,6,False,0.59
Q013,Ip Ownership Assignment,"MEDALISTDIVERSIFIEDREIT,INC_05_18_2020-EX-10.1-CONSULTING AGREEMENT","MEDALISTDIVERSIFIEDREIT,INC_05_18_2020-EX-10.1-CONSULTING AGREEMENT::p0005","para:MEDALISTDIVERSIFIEDREIT,INC_05_18_2020-EX-10.1-CONSULTING AGREEMENT::p0005",3.0,True,1,9,False,1.0
Q013,Ip Ownership Assignment,"MEDALISTDIVERSIFIEDREIT,INC_05_18_2020-EX-10.1-CONSULTING AGREEMENT","MEDALISTDIVERSIFIEDREIT,INC_05_18_2020-EX-10.1-CONSULTING AGREEMENT::p0014","para:MEDALISTDIVERSIFIEDREIT,INC_05_18_2020-EX-10.1-CONSULTING AGREEMENT::p0014",1.98,False,2,9,False,0.39
Q013,Ip Ownership Assignment,"MEDALISTDIVERSIFIEDREIT,INC_05_18_2020-EX-10.1-CONSULTING AGREEMENT","MEDALISTDIVERSIFIEDREIT,INC_05_18_2020-EX-10.1-CONSULTING AGREEMENT::p0003","para:MEDALISTDIVERSIFIEDREIT,INC_05_18_2020-EX-10.1-CONSULTING AGREEMENT::p0003",1.8,False,3,9,False,0.0
Q013,Ip Ownership Assignment,"MEDALISTDIVERSIFIEDREIT,INC_05_18_2020-EX-10.1-CONSULTING AGREEMENT","MEDALISTDIVERSIFIEDREIT,INC_05_18_2020-EX-10.1-CONSULTING AGREEMENT::p0004","para:MEDALISTDIVERSIFIEDREIT,INC_05_18_2020-EX-10.1-CONSULTING AGREEMENT::p0004",0.59,False,4,9,False,0.41
Q013,Ip Ownership Assignment,"MEDALISTDIVERSIFIEDREIT,INC_05_18_2020-EX-10.1-CONSULTING AGREEMENT","MEDALISTDIVERSIFIEDREIT,INC_05_18_2020-EX-10.1-CONSULTING AGREEMENT::p0012","para:MEDALISTDIVERSIFIEDREIT,INC_05_18_2020-EX-10.1-CONSULTING AGREEMENT::p0012",0.59,False,5,9,False,0.47
Q013,Ip Ownership Assignment,"MEDALISTDIVERSIFIEDREIT,INC_05_18_2020-EX-10.1-CONSULTING AGREEMENT","MEDALISTDIVERSIFIEDREIT,INC_05_18_2020-EX-10.1-CONSULTING AGREEMENT::p0009","para:MEDALISTDIVERSIFIEDREIT,INC_05_18_2020-EX-10.1-CONSULTING AGREEMENT::p0009",0.05,False,6,9,False,0.95
Q013,Ip Ownership Assignment,"MEDALISTDIVERSIFIEDREIT,INC_05_18_2020-EX-10.1-CONSULTING AGREEMENT","MEDALISTDIVERSIFIEDREIT,INC_05_18_2020-EX-10.1-CONSULTING AGREEMENT::p0011","para:MEDALISTDIVERSIFIEDREIT,INC_05_18_2020-EX-10.1-CONSULTING AGREEMENT::p0011",0.04,False,7,9,False,0.96
Q013,Ip Ownership Assignment,"MEDALISTDIVERSIFIEDREIT,INC_05_18_2020-EX-10.1-CONSULTING AGREEMENT","MEDALISTDIVERSIFIEDREIT,INC_05_18_2020-EX-10.1-CONSULTING AGREEMENT::p0013","para:MEDALISTDIVERSIFIEDREIT,INC_05_18_2020-EX-10.1-CONSULTING AGREEMENT::p0013",0.02,False,8,9,False,0.98
Q013,Ip Ownership Assignment,"MEDALISTDIVERSIFIEDREIT,INC_05_18_2020-EX-10.1-CONSULTING AGREEMENT","MEDALISTDIVERSIFIEDREIT,INC_05_18_2020-EX-10.1-CONSULTING AGREEMENT::p0016","para:MEDALISTDIVERSIFIEDREIT,INC_05_18_2020-EX-10.1-CONSULTING AGREEMENT::p0016",0.01,False,9,9,False,0.99
Q013,Ip Ownership Assignment,"MEDALISTDIVERSIFIEDREIT,INC_05_18_2020-EX-10.1-CONSULTING AGREEMENT","MEDALISTDIVERSIFIEDREIT,INC_05_18_2020-EX-10.1-CONSULTING AGREEMENT::p0017","para:MEDALISTDIVERSIFIEDREIT,INC_05_18_2020-EX-10.1-CONSULTING AGREEMENT::p0017",0.0,False,10,9,False,1.0
Q014,Expiration Date,SENMIAOTECHNOLOGYLTD_02_19_2019-EX-10.5-Collaboration Agreement,SENMIAOTECHNOLOGYLTD_02_19_2019-EX-10.5-Collaboration Agreement::p0050,para:SENMIAOTECHNOLOGYLTD_02_19_2019-EX-10.5-Collaboration Agreement::p0050,2.21,True,1,1,False,0.45
Q014,Expiration Date,SENMIAOTECHNOLOGYLTD_02_19_2019-EX-10.5-Collaboration Agreement,SENMIAOTECHNOLOGYLTD_02_19_2019-EX-10.5-Collaboration Agreement::p0024,para:SENMIAOTECHNOLOGYLTD_02_19_2019-EX-10.5-Collaboration Agreement::p0024,0.29,False,2,1,False,0.71
Q014,Expiration Date,SENMIAOTECHNOLOGYLTD_02_19_2019-EX-10.5-Collaboration Agreement,SENMIAOTECHNOLOGYLTD_02_19_2019-EX-10.5-Collaboration Agreement::p0000,para:SENMIAOTECHNOLOGYLTD_02_19_2019-EX-10.5-Collaboration Agreement::p0000,0.1,False,3,1,False,0.9
Q014,Expiration Date,SENMIAOTECHNOLOGYLTD_02_19_2019-EX-10.5-Collaboration Agreement,SENMIAOTECHNOLOGYLTD_02_19_2019-EX-10.5-Collaboration Agreement::p0043,para:SENMIAOTECHNOLOGYLTD_02_19_2019-EX-10.5-Collaboration Agreement::p0043,0.1,False,4,1,False,0.9
Q014,Expiration Date,SENMIAOTECHNOLOGYLTD_02_19_2019-EX-10.5-Collaboration Agreement,SENMIAOTECHNOLOGYLTD_02_19_2019-EX-10.5-Collaboration Agreement::p0009,para:SENMIAOTECHNOLOGYLTD_02_19_2019-EX-10.5-Collaboration Agreement::p0009,0.08,False,5,1,False,0.92
Q014,Expiration Date,SENMIAOTECHNOLOGYLTD_02_19_2019-EX-10.5-Collaboration Agreement,SENMIAOTECHNOLOGYLTD_02_19_2019-EX-10.5-Collaboration Agreement::p0047,para:SENMIAOTECHNOLOGYLTD_02_19_2019-EX-10.5-Collaboration Agreement::p0047,0.04,False,6,1,False,0.96
Q014,Expiration Date,SENMIAOTECHNOLOGYLTD_02_19_2019-EX-10.5-Collaboration Agreement,SENMIAOTECHNOLOGYLTD_02_19_2019-EX-10.5-Collaboration Agreement::p0022,para:SENMIAOTECHNOLOGYLTD_02_19_2019-EX-10.5-Collaboration Agreement::p0022,0.04,False,7,1,False,0.96
Q014,Expiration Date,SENMIAOTECHNOLOGYLTD_02_19_2019-EX-10.5-Collaboration Agreement,SENMIAOTECHNOLOGYLTD_02_19_2019-EX-10.5-Collaboration Agreement::p0018,para:SENMIAOTECHNOLOGYLTD_02_19_2019-EX-10.5-Collaboration Agreement::p0018,0.02,False,8,1,False,0.98
Q014,Expiration Date,SENMIAOTECHNOLOGYLTD_02_19_2019-EX-10.5-Collaboration Agreement,SENMIAOTECHNOLOGYLTD_02_19_2019-EX-10.5-Collaboration Agreement::p0040,para:SENMIAOTECHNOLOGYLTD_02_19_2019-EX-10.5-Collaboration Agreement::p0040,0.01,False,9,1,False,0.99
Q014,Expiration Date,SENMIAOTECHNOLOGYLTD_02_19_2019-EX-10.5-Collaboration Agreement,SENMIAOTECHNOLOGYLTD_02_19_2019-EX-10.5-Collaboration Agreement::p0017,para:SENMIAOTECHNOLOGYLTD_02_19_2019-EX-10.5-Collaboration Agreement::p0017,0.01,False,10,1,False,0.99
Q015,Termination For Convenience,CCAINDUSTRIESINC_04_14_2014-EX-10.1-OUTSOURCING AGREEMENT,CCAINDUSTRIESINC_04_14_2014-EX-10.1-OUTSOURCING AGREEMENT::p0016,para:CCAINDUSTRIESINC_04_14_2014-EX-10.1-OUTSOURCING AGREEMENT::p0016,2.97,True,1,3,False,0.97
Q015,Termination For Convenience,CCAINDUSTRIESINC_04_14_2014-EX-10.1-OUTSOURCING AGREEMENT,CCAINDUSTRIESINC_04_14_2014-EX-10.1-OUTSOURCING AGREEMENT::p0003,para:CCAINDUSTRIESINC_04_14_2014-EX-10.1-OUTSOURCING AGREEMENT::p0003,2.34,False,2,3,False,0.34
Q015,Termination For Convenience,CCAINDUSTRIESINC_04_14_2014-EX-10.1-OUTSOURCING AGREEMENT,CCAINDUSTRIESINC_04_14_2014-EX-10.1-OUTSOURCING AGREEMENT::p0002,para:CCAINDUSTRIESINC_04_14_2014-EX-10.1-OUTSOURCING AGREEMENT::p0002,2.17,False,3,3,False,0.17
Q015,Termination For Convenience,CCAINDUSTRIESINC_04_14_2014-EX-10.1-OUTSOURCING AGREEMENT,CCAINDUSTRIESINC_04_14_2014-EX-10.1-OUTSOURCING AGREEMENT::p0015,para:CCAINDUSTRIESINC_04_14_2014-EX-10.1-OUTSOURCING AGREEMENT::p0015,1.0,False,4,3,False,0.0
Q015,Termination For Convenience,CCAINDUSTRIESINC_04_14_2014-EX-10.1-OUTSOURCING AGREEMENT,CCAINDUSTRIESINC_04_14_2014-EX-10.1-OUTSOURCING AGREEMENT::p0017,para:CCAINDUSTRIESINC_04_14_2014-EX-10.1-OUTSOURCING AGREEMENT::p0017,0.3,False,5,3,False,0.7
Q015,Termination For Convenience,CCAINDUSTRIESINC_04_14_2014-EX-10.1-OUTSOURCING AGREEMENT,CCAINDUSTRIESINC_04_14_2014-EX-10.1-OUTSOURCING AGREEMENT::p0007,para:CCAINDUSTRIESINC_04_14_2014-EX-10.1-OUTSOURCING AGREEMENT::p0007,0.27,False,6,3,False,0.73
Q015,Termination For Convenience,CCAINDUSTRIESINC_04_14_2014-EX-10.1-OUTSOURCING AGREEMENT,CCAINDUSTRIESINC_04_14_2014-EX-10.1-OUTSOURCING AGREEMENT::p0023,para:CCAINDUSTRIESINC_04_14_2014-EX-10.1-OUTSOURCING AGREEMENT::p0023,0.09,False,7,3,False,0.91
Q015,Termination For Convenience,CCAINDUSTRIESINC_04_14_2014-EX-10.1-OUTSOURCING AGREEMENT,CCAINDUSTRIESINC_04_14_2014-EX-10.1-OUTSOURCING AGREEMENT::p0018,para:CCAINDUSTRIESINC_04_14_2014-EX-10.1-OUTSOURCING AGREEMENT::p0018,0.09,False,8,3,False,0.91
Q015,Termination For Convenience,CCAINDUSTRIESINC_04_14_2014-EX-10.1-OUTSOURCING AGREEMENT,CCAINDUSTRIESINC_04_14_2014-EX-10.1-OUTSOURCING AGREEMENT::p0012,para:CCAINDUSTRIESINC_04_14_2014-EX-10.1-OUTSOURCING AGREEMENT::p0012,0.03,False,9,3,False,0.97
Q015,Termination For Convenience,CCAINDUSTRIESINC_04_14_2014-EX-10.1-OUTSOURCING AGREEMENT,CCAINDUSTRIESINC_04_14_2014-EX-10.1-OUTSOURCING AGREEMENT::p0009,para:CCAINDUSTRIESINC_04_14_2014-EX-10.1-OUTSOURCING AGREEMENT::p0009,0.01,False,10,3,False,0.99
Q016,Anti-Assignment,ChinaRealEstateInformationCorp_20090929_F-1_EX-10.32_4771615_EX-10.32_Content License Agreement,ChinaRealEstateInformationCorp_20090929_F-1_EX-10.32_4771615_EX-10.32_Content License Agreement::p0032,para:ChinaRealEstateInformationCorp_20090929_F-1_EX-10.32_4771615_EX-10.32_Content License Agreement::p0032,3.0,False,1,9,False,1.0
Q016,Anti-Assignment,ChinaRealEstateInformationCorp_20090929_F-1_EX-10.32_4771615_EX-10.32_Content License Agreement,ChinaRealEstateInformationCorp_20090929_F-1_EX-10.32_4771615_EX-10.32_Content License Agreement::p0007,para:ChinaRealEstateInformationCorp_20090929_F-1_EX-10.32_4771615_EX-10.32_Content License Agreement::p0007,1.88,True,2,9,False,0.0
Q016,Anti-Assignment,ChinaRealEstateInformationCorp_20090929_F-1_EX-10.32_4771615_EX-10.32_Content License Agreement,ChinaRealEstateInformationCorp_20090929_F-1_EX-10.32_4771615_EX-10.32_Content License Agreement::p0022,para:ChinaRealEstateInformationCorp_20090929_F-1_EX-10.32_4771615_EX-10.32_Content License Agreement::p0022,0.12,False,3,9,False,0.88
Q016,Anti-Assignment,ChinaRealEstateInformationCorp_20090929_F-1_EX-10.32_4771615_EX-10.32_Content License Agreement,ChinaRealEstateInformationCorp_20090929_F-1_EX-10.32_4771615_EX-10.32_Content License Agreement::p0026,para:ChinaRealEstateInformationCorp_20090929_F-1_EX-10.32_4771615_EX-10.32_Content License Agreement::p0026,0.07,False,4,9,False,0.93
Q016,Anti-Assignment,ChinaRealEstateInformationCorp_20090929_F-1_EX-10.32_4771615_EX-10.32_Content License Agreement,ChinaRealEstateInformationCorp_20090929_F-1_EX-10.32_4771615_EX-10.32_Content License Agreement::p0002,para:ChinaRealEstateInformationCorp_20090929_F-1_EX-10.32_4771615_EX-10.32_Content License Agreement::p0002,0.05,False,5,9,False,0.95
Q016,Anti-Assignment,ChinaRealEstateInformationCorp_20090929_F-1_EX-10.32_4771615_EX-10.32_Content License Agreement,ChinaRealEstateInformationCorp_20090929_F-1_EX-10.32_4771615_EX-10.32_Content License Agreement::p0029,para:ChinaRealEstateInformationCorp_20090929_F-1_EX-10.32_4771615_EX-10.32_Content License Agreement::p0029,0.03,False,6,9,False,0.97
Q016,Anti-Assignment,ChinaRealEstateInformationCorp_20090929_F-1_EX-10.32_4771615_EX-10.32_Content License Agreement,ChinaRealEstateInformationCorp_20090929_F-1_EX-10.32_4771615_EX-10.32_Content License Agreement::p0020,para:ChinaRealEstateInformationCorp_20090929_F-1_EX-10.32_4771615_EX-10.32_Content License Agreement::p0020,0.02,False,7,9,False,0.98
Q016,Anti-Assignment,ChinaRealEstateInformationCorp_20090929_F-1_EX-10.32_4771615_EX-10.32_Content License Agreement,ChinaRealEstateInformationCorp_20090929_F-1_EX-10.32_4771615_EX-10.32_Content License Agreement::p0017,para:ChinaRealEstateInformationCorp_20090929_F-1_EX-10.32_4771615_EX-10.32_Content License Agreement::p0017,0.01,False,8,9,False,0.99
Q016,Anti-Assignment,ChinaRealEstateInformationCorp_20090929_F-1_EX-10.32_4771615_EX-10.32_Content License Agreement,ChinaRealEstateInformationCorp_20090929_F-1_EX-10.32_4771615_EX-10.32_Content License Agreement::p0035,para:ChinaRealEstateInformationCorp_20090929_F-1_EX-10.32_4771615_EX-10.32_Content License Agreement::p0035,0.0,False,9,9,False,1.0
Q016,Anti-Assignment,ChinaRealEstateInformationCorp_20090929_F-1_EX-10.32_4771615_EX-10.32_Content License Agreement,ChinaRealEstateInformationCorp_20090929_F-1_EX-10.32_4771615_EX-10.32_Content License Agreement::p0027,para:ChinaRealEstateInformationCorp_20090929_F-1_EX-10.32_4771615_EX-10.32_Content License Agreement::p0027,0.0,False,10,9,False,1.0
Q017,Rofr/Rofo/Rofn,GluMobileInc_20070319_S-1A_EX-10.09_436630_EX-10.09_Content License Agreement1,GluMobileInc_20070319_S-1A_EX-10.09_436630_EX-10.09_Content License Agreement1::p0023,para:GluMobileInc_20070319_S-1A_EX-10.09_436630_EX-10.09_Content License Agreement1::p0023,3.0,True,1,1,False,1.0
Q017,Rofr/Rofo/Rofn,GluMobileInc_20070319_S-1A_EX-10.09_436630_EX-10.09_Content License Agreement1,GluMobileInc_20070319_S-1A_EX-10.09_436630_EX-10.09_Content License Agreement1::p0024,para:GluMobileInc_20070319_S-1A_EX-10.09_436630_EX-10.09_Content License Agreement1::p0024,3.0,False,2,1,False,1.0
Q017,Rofr/Rofo/Rofn,GluMobileInc_20070319_S-1A_EX-10.09_436630_EX-10.09_Content License Agreement1,GluMobileInc_20070319_S-1A_EX-10.09_436630_EX-10.09_Content License Agreement1::p0018,para:GluMobileInc_20070319_S-1A_EX-10.09_436630_EX-10.09_Content License Agreement1::p0018,0.73,False,3,1,False,0.27
Q017,Rofr/Rofo/Rofn,GluMobileInc_20070319_S-1A_EX-10.09_436630_EX-10.09_Content License Agreement1,GluMobileInc_20070319_S-1A_EX-10.09_436630_EX-10.09_Content License Agreement1::p0003,para:GluMobileInc_20070319_S-1A_EX-10.09_436630_EX-10.09_Content License Agreement1::p0003,0.04,False,4,1,False,0.96
Q017,Rofr/Rofo/Rofn,GluMobileInc_20070319_S-1A_EX-10.09_436630_EX-10.09_Content License Agreement1,GluMobileInc_20070319_S-1A_EX-10.09_436630_EX-10.09_Content License Agreement1::p0014,para:GluMobileInc_20070319_S-1A_EX-10.09_436630_EX-10.09_Content License Agreement1::p0014,0.04,False,5,1,False,0.96
Q017,Rofr/Rofo/Rofn,GluMobileInc_20070319_S-1A_EX-10.09_436630_EX-10.09_Content License Agreement1,GluMobileInc_20070319_S-1A_EX-10.09_436630_EX-10.09_Content License Agreement1::p0009,para:GluMobileInc_20070319_S-1A_EX-10.09_436630_EX-10.09_Content License Agreement1::p0009,0.04,False,6,1,False,0.96
Q017,Rofr/Rofo/Rofn,GluMobileInc_20070319_S-1A_EX-10.09_436630_EX-10.09_Content License Agreement1,GluMobileInc_20070319_S-1A_EX-10.09_436630_EX-10.09_Content License Agreement1::p0025,para:GluMobileInc_20070319_S-1A_EX-10.09_436630_EX-10.09_Content License Agreement1::p0025,0.01,False,7,1,False,0.99
Q017,Rofr/Rofo/Rofn,GluMobileInc_20070319_S-1A_EX-10.09_436630_EX-10.09_Content License Agreement1,GluMobileInc_20070319_S-1A_EX-10.09_436630_EX-10.09_Content License Agreement1::p0050,para:GluMobileInc_20070319_S-1A_EX-10.09_436630_EX-10.09_Content License Agreement1::p0050,0.0,False,8,1,False,1.0
Q017,Rofr/Rofo/Rofn,GluMobileInc_20070319_S-1A_EX-10.09_436630_EX-10.09_Content License Agreement1,GluMobileInc_20070319_S-1A_EX-10.09_436630_EX-10.09_Content License Agreement1::p0028,para:GluMobileInc_20070319_S-1A_EX-10.09_436630_EX-10.09_Content License Agreement1::p0028,0.0,False,9,1,False,1.0
Q017,Rofr/Rofo/Rofn,GluMobileInc_20070319_S-1A_EX-10.09_436630_EX-10.09_Content License Agreement1,GluMobileInc_20070319_S-1A_EX-10.09_436630_EX-10.09_Content License Agreement1::p0084,para:GluMobileInc_20070319_S-1A_EX-10.09_436630_EX-10.09_Content License Agreement1::p0084,0.0,False,10,1,False,1.0
Q018,Anti-Assignment,LegacyEducationAllianceInc_20141110_8-K_EX-10.9_8828866_EX-10.9_Endorsement Agreement,LegacyEducationAllianceInc_20141110_8-K_EX-10.9_8828866_EX-10.9_Endorsement Agreement::p0012,para:LegacyEducationAllianceInc_20141110_8-K_EX-10.9_8828866_EX-10.9_Endorsement Agreement::p0012,3.0,True,1,5,False,1.0
Q018,Anti-Assignment,LegacyEducationAllianceInc_20141110_8-K_EX-10.9_8828866_EX-10.9_Endorsement Agreement,LegacyEducationAllianceInc_20141110_8-K_EX-10.9_8828866_EX-10.9_Endorsement Agreement::p0000,para:LegacyEducationAllianceInc_20141110_8-K_EX-10.9_8828866_EX-10.9_Endorsement Agreement::p0000,0.25,False,2,5,False,0.75
Q018,Anti-Assignment,LegacyEducationAllianceInc_20141110_8-K_EX-10.9_8828866_EX-10.9_Endorsement Agreement,LegacyEducationAllianceInc_20141110_8-K_EX-10.9_8828866_EX-10.9_Endorsement Agreement::p0003,para:LegacyEducationAllianceInc_20141110_8-K_EX-10.9_8828866_EX-10.9_Endorsement Agreement::p0003,0.09,False,3,5,False,0.91
Q018,Anti-Assignment,LegacyEducationAllianceInc_20141110_8-K_EX-10.9_8828866_EX-10.9_Endorsement Agreement,LegacyEducationAllianceInc_20141110_8-K_EX-10.9_8828866_EX-10.9_Endorsement Agreement::p0007,para:LegacyEducationAllianceInc_20141110_8-K_EX-10.9_8828866_EX-10.9_Endorsement Agreement::p0007,0.03,False,4,5,False,0.97
Q018,Anti-Assignment,LegacyEducationAllianceInc_20141110_8-K_EX-10.9_8828866_EX-10.9_Endorsement Agreement,LegacyEducationAllianceInc_20141110_8-K_EX-10.9_8828866_EX-10.9_Endorsement Agreement::p0004,para:LegacyEducationAllianceInc_20141110_8-K_EX-10.9_8828866_EX-10.9_Endorsement Agreement::p0004,0.02,False,5,5,False,0.98
Q018,Anti-Assignment,LegacyEducationAllianceInc_20141110_8-K_EX-10.9_8828866_EX-10.9_Endorsement Agreement,LegacyEducationAllianceInc_20141110_8-K_EX-10.9_8828866_EX-10.9_Endorsement Agreement::p0009,para:LegacyEducationAllianceInc_20141110_8-K_EX-10.9_8828866_EX-10.9_Endorsement Agreement::p0009,0.02,False,6,5,False,0.98
Q018,Anti-Assignment,LegacyEducationAllianceInc_20141110_8-K_EX-10.9_8828866_EX-10.9_Endorsement Agreement,LegacyEducationAllianceInc_20141110_8-K_EX-10.9_8828866_EX-10.9_Endorsement Agreement::p0002,para:LegacyEducationAllianceInc_20141110_8-K_EX-10.9_8828866_EX-10.9_Endorsement Agreement::p0002,0.02,False,7,5,False,0.98
Q018,Anti-Assignment,LegacyEducationAllianceInc_20141110_8-K_EX-10.9_8828866_EX-10.9_Endorsement Agreement,LegacyEducationAllianceInc_20141110_8-K_EX-10.9_8828866_EX-10.9_Endorsement Agreement::p0010,para:LegacyEducationAllianceInc_20141110_8-K_EX-10.9_8828866_EX-10.9_Endorsement Agreement::p0010,0.01,False,8,5,False,0.99
Q018,Anti-Assignment,LegacyEducationAllianceInc_20141110_8-K_EX-10.9_8828866_EX-10.9_Endorsement Agreement,LegacyEducationAllianceInc_20141110_8-K_EX-10.9_8828866_EX-10.9_Endorsement Agreement::p0005,para:LegacyEducationAllianceInc_20141110_8-K_EX-10.9_8828866_EX-10.9_Endorsement Agreement::p0005,0.01,False,9,5,False,0.99
Q018,Anti-Assignment,LegacyEducationAllianceInc_20141110_8-K_EX-10.9_8828866_EX-10.9_Endorsement Agreement,LegacyEducationAllianceInc_20141110_8-K_EX-10.9_8828866_EX-10.9_Endorsement Agreement::p0008,para:LegacyEducationAllianceInc_20141110_8-K_EX-10.9_8828866_EX-10.9_Endorsement Agreement::p0008,0.01,False,10,5,False,0.99
Q019,Parties,"Zounds Hearing, Inc. - MANUFACTURING DESIGN MARKETING AGREEMENT","Zounds Hearing, Inc. - MANUFACTURING DESIGN MARKETING AGREEMENT::p0000","para:Zounds Hearing, Inc. - MANUFACTURING DESIGN MARKETING AGREEMENT::p0000",2.98,True,1,13,True,0.98
Q019,Parties,"Zounds Hearing, Inc. - MANUFACTURING DESIGN MARKETING AGREEMENT","Zounds Hearing, Inc. - MANUFACTURING DESIGN MARKETING AGREEMENT::p0019","para:Zounds Hearing, Inc. - MANUFACTURING DESIGN MARKETING AGREEMENT::p0019",2.38,False,2,13,True,0.38
Q019,Parties,"Zounds Hearing, Inc. - MANUFACTURING DESIGN MARKETING AGREEMENT","Zounds Hearing, Inc. - MANUFACTURING DESIGN MARKETING AGREEMENT::p0030","para:Zounds Hearing, Inc. - MANUFACTURING DESIGN MARKETING AGREEMENT::p0030",1.97,False,3,13,True,0.32
Q019,Parties,"Zounds Hearing, Inc. - MANUFACTURING DESIGN MARKETING AGREEMENT","Zounds Hearing, Inc. - MANUFACTURING DESIGN MARKETING AGREEMENT::p0036","para:Zounds Hearing, Inc. - MANUFACTURING DESIGN MARKETING AGREEMENT::p0036",1.63,False,4,13,True,0.23
Q019,Parties,"Zounds Hearing, Inc. - MANUFACTURING DESIGN MARKETING AGREEMENT","Zounds Hearing, Inc. - MANUFACTURING DESIGN MARKETING AGREEMENT::p0021","para:Zounds Hearing, Inc. - MANUFACTURING DESIGN MARKETING AGREEMENT::p0021",1.56,False,5,13,True,0.17
Q019,Parties,"Zounds Hearing, Inc. - MANUFACTURING DESIGN MARKETING AGREEMENT","Zounds Hearing, Inc. - MANUFACTURING DESIGN MARKETING AGREEMENT::p0022","para:Zounds Hearing, Inc. - MANUFACTURING DESIGN MARKETING AGREEMENT::p0022",1.49,False,6,13,True,0.14
Q019,Parties,"Zounds Hearing, Inc. - MANUFACTURING DESIGN MARKETING AGREEMENT","Zounds Hearing, Inc. - MANUFACTURING DESIGN MARKETING AGREEMENT::p0004","para:Zounds Hearing, Inc. - MANUFACTURING DESIGN MARKETING AGREEMENT::p0004",1.45,False,7,13,True,0.3
Q019,Parties,"Zounds Hearing, Inc. - MANUFACTURING DESIGN MARKETING AGREEMENT","Zounds Hearing, Inc. - MANUFACTURING DESIGN MARKETING AGREEMENT::p0032","para:Zounds Hearing, Inc. - MANUFACTURING DESIGN MARKETING AGREEMENT::p0032",0.89,False,8,13,True,0.11
Q019,Parties,"Zounds Hearing, Inc. - MANUFACTURING DESIGN MARKETING AGREEMENT","Zounds Hearing, Inc. - MANUFACTURING DESIGN MARKETING AGREEMENT::p0037","para:Zounds Hearing, Inc. - MANUFACTURING DESIGN MARKETING AGREEMENT::p0037",0.7,False,9,13,True,0.3
Q019,Parties,"Zounds Hearing, Inc. - MANUFACTURING DESIGN MARKETING AGREEMENT","Zounds Hearing, Inc. - MANUFACTURING DESIGN MARKETING AGREEMENT::p0033","para:Zounds Hearing, Inc. - MANUFACTURING DESIGN MARKETING AGREEMENT::p0033",0.63,False,10,13,True,0.37
Q020,Non-Transferable License,WORLDWIDESTRATEGIESINC_11_02_2005-EX-10-RESELLER AGREEMENT,WORLDWIDESTRATEGIESINC_11_02_2005-EX-10-RESELLER AGREEMENT::p0013,para:WORLDWIDESTRATEGIESINC_11_02_2005-EX-10-RESELLER AGREEMENT::p0013,2.99,True,1,6,False,0.99
Q020,Non-Transferable License,WORLDWIDESTRATEGIESINC_11_02_2005-EX-10-RESELLER AGREEMENT,WORLDWIDESTRATEGIESINC_11_02_2005-EX-10-RESELLER AGREEMENT::p0010,para:WORLDWIDESTRATEGIESINC_11_02_2005-EX-10-RESELLER AGREEMENT::p0010,1.95,False,2,6,False,0.28
Q020,Non-Transferable License,WORLDWIDESTRATEGIESINC_11_02_2005-EX-10-RESELLER AGREEMENT,WORLDWIDESTRATEGIESINC_11_02_2005-EX-10-RESELLER AGREEMENT::p0009,para:WORLDWIDESTRATEGIESINC_11_02_2005-EX-10-RESELLER AGREEMENT::p0009,1.36,False,3,6,False,0.27
Q020,Non-Transferable License,WORLDWIDESTRATEGIESINC_11_02_2005-EX-10-RESELLER AGREEMENT,WORLDWIDESTRATEGIESINC_11_02_2005-EX-10-RESELLER AGREEMENT::p0012,para:WORLDWIDESTRATEGIESINC_11_02_2005-EX-10-RESELLER AGREEMENT::p0012,0.65,False,4,6,False,0.35
Q020,Non-Transferable License,WORLDWIDESTRATEGIESINC_11_02_2005-EX-10-RESELLER AGREEMENT,WORLDWIDESTRATEGIESINC_11_02_2005-EX-10-RESELLER AGREEMENT::p0005,para:WORLDWIDESTRATEGIESINC_11_02_2005-EX-10-RESELLER AGREEMENT::p0005,0.35,False,5,6,False,0.65
Q020,Non-Transferable License,WORLDWIDESTRATEGIESINC_11_02_2005-EX-10-RESELLER AGREEMENT,WORLDWIDESTRATEGIESINC_11_02_2005-EX-10-RESELLER AGREEMENT::p0021,para:WORLDWIDESTRATEGIESINC_11_02_2005-EX-10-RESELLER AGREEMENT::p0021,0.25,False,6,6,False,0.75
Q020,Non-Transferable License,WORLDWIDESTRATEGIESINC_11_02_2005-EX-10-RESELLER AGREEMENT,WORLDWIDESTRATEGIESINC_11_02_2005-EX-10-RESELLER AGREEMENT::p0058,para:WORLDWIDESTRATEGIESINC_11_02_2005-EX-10-RESELLER AGREEMENT::p0058,0.08,False,7,6,False,0.92
Q020,Non-Transferable License,WORLDWIDESTRATEGIESINC_11_02_2005-EX-10-RESELLER AGREEMENT,WORLDWIDESTRATEGIESINC_11_02_2005-EX-10-RESELLER AGREEMENT::p0053,para:WORLDWIDESTRATEGIESINC_11_02_2005-EX-10-RESELLER AGREEMENT::p0053,0.07,False,8,6,False,0.93
Q020,Non-Transferable License,WORLDWIDESTRATEGIESINC_11_02_2005-EX-10-RESELLER AGREEMENT,WORLDWIDESTRATEGIESINC_11_02_2005-EX-10-RESELLER AGREEMENT::p0061,para:WORLDWIDESTRATEGIESINC_11_02_2005-EX-10-RESELLER AGREEMENT::p0061,0.0,False,9,6,False,1.0
Q020,Non-Transferable License,WORLDWIDESTRATEGIESINC_11_02_2005-EX-10-RESELLER AGREEMENT,WORLDWIDESTRATEGIESINC_11_02_2005-EX-10-RESELLER AGREEMENT::p0024,para:WORLDWIDESTRATEGIESINC_11_02_2005-EX-10-RESELLER AGREEMENT::p0024,0.0,False,10,6,False,1.0
Q021,Cap On Liability,GRANTIERRAENERGYINC_05_07_2012-EX-10.6-TRANSPORTATION CONTRACT,GRANTIERRAENERGYINC_05_07_2012-EX-10.6-TRANSPORTATION CONTRACT::p0017,para:GRANTIERRAENERGYINC_05_07_2012-EX-10.6-TRANSPORTATION CONTRACT::p0017,3.0,True,1,58,True,1.0
Q021,Cap On Liability,GRANTIERRAENERGYINC_05_07_2012-EX-10.6-TRANSPORTATION CONTRACT,GRANTIERRAENERGYINC_05_07_2012-EX-10.6-TRANSPORTATION CONTRACT::p0185,para:GRANTIERRAENERGYINC_05_07_2012-EX-10.6-TRANSPORTATION CONTRACT::p0185,2.9,False,2,58,True,0.9
Q021,Cap On Liability,GRANTIERRAENERGYINC_05_07_2012-EX-10.6-TRANSPORTATION CONTRACT,GRANTIERRAENERGYINC_05_07_2012-EX-10.6-TRANSPORTATION CONTRACT::p0084,para:GRANTIERRAENERGYINC_05_07_2012-EX-10.6-TRANSPORTATION CONTRACT::p0084,2.7,False,3,58,True,0.7
Q021,Cap On Liability,GRANTIERRAENERGYINC_05_07_2012-EX-10.6-TRANSPORTATION CONTRACT,GRANTIERRAENERGYINC_05_07_2012-EX-10.6-TRANSPORTATION CONTRACT::p0176,para:GRANTIERRAENERGYINC_05_07_2012-EX-10.6-TRANSPORTATION CONTRACT::p0176,1.38,False,4,58,True,0.35
Q021,Cap On Liability,GRANTIERRAENERGYINC_05_07_2012-EX-10.6-TRANSPORTATION CONTRACT,GRANTIERRAENERGYINC_05_07_2012-EX-10.6-TRANSPORTATION CONTRACT::p0021,para:GRANTIERRAENERGYINC_05_07_2012-EX-10.6-TRANSPORTATION CONTRACT::p0021,1.11,False,5,58,True,0.34
Q021,Cap On Liability,GRANTIERRAENERGYINC_05_07_2012-EX-10.6-TRANSPORTATION CONTRACT,GRANTIERRAENERGYINC_05_07_2012-EX-10.6-TRANSPORTATION CONTRACT::p0020,para:GRANTIERRAENERGYINC_05_07_2012-EX-10.6-TRANSPORTATION CONTRACT::p0020,0.47,False,6,58,True,0.53
Q021,Cap On Liability,GRANTIERRAENERGYINC_05_07_2012-EX-10.6-TRANSPORTATION CONTRACT,GRANTIERRAENERGYINC_05_07_2012-EX-10.6-TRANSPORTATION CONTRACT::p0156,para:GRANTIERRAENERGYINC_05_07_2012-EX-10.6-TRANSPORTATION CONTRACT::p0156,0.29,False,7,58,True,0.71
Q021,Cap On Liability,GRANTIERRAENERGYINC_05_07_2012-EX-10.6-TRANSPORTATION CONTRACT,GRANTIERRAENERGYINC_05_07_2012-EX-10.6-TRANSPORTATION CONTRACT::p0150,para:GRANTIERRAENERGYINC_05_07_2012-EX-10.6-TRANSPORTATION CONTRACT::p0150,0.27,False,8,58,True,0.73
Q021,Cap On Liability,GRANTIERRAENERGYINC_05_07_2012-EX-10.6-TRANSPORTATION CONTRACT,GRANTIERRAENERGYINC_05_07_2012-EX-10.6-TRANSPORTATION CONTRACT::p0164,para:GRANTIERRAENERGYINC_05_07_2012-EX-10.6-TRANSPORTATION CONTRACT::p0164,0.18,False,9,58,True,0.82
Q021,Cap On Liability,GRANTIERRAENERGYINC_05_07_2012-EX-10.6-TRANSPORTATION CONTRACT,GRANTIERRAENERGYINC_05_07_2012-EX-10.6-TRANSPORTATION CONTRACT::p0046,para:GRANTIERRAENERGYINC_05_07_2012-EX-10.6-TRANSPORTATION CONTRACT::p0046,0.0,False,10,58,True,1.0
Q022,Termination For Convenience,ArtaraTherapeuticsInc_20200110_8-K_EX-10.5_11943350_EX-10.5_License Agreement,ArtaraTherapeuticsInc_20200110_8-K_EX-10.5_11943350_EX-10.5_License Agreement::p0025,para:ArtaraTherapeuticsInc_20200110_8-K_EX-10.5_11943350_EX-10.5_License Agreement::p0025,2.99,True,1,1,False,0.99
Q022,Termination For Convenience,ArtaraTherapeuticsInc_20200110_8-K_EX-10.5_11943350_EX-10.5_License Agreement,ArtaraTherapeuticsInc_20200110_8-K_EX-10.5_11943350_EX-10.5_License Agreement::p0023,para:ArtaraTherapeuticsInc_20200110_8-K_EX-10.5_11943350_EX-10.5_License Agreement::p0023,0.47,False,2,1,False,0.53
Q022,Termination For Convenience,ArtaraTherapeuticsInc_20200110_8-K_EX-10.5_11943350_EX-10.5_License Agreement,ArtaraTherapeuticsInc_20200110_8-K_EX-10.5_11943350_EX-10.5_License Agreement::p0000,para:ArtaraTherapeuticsInc_20200110_8-K_EX-10.5_11943350_EX-10.5_License Agreement::p0000,0.3,False,3,1,False,0.7
Q022,Termination For Convenience,ArtaraTherapeuticsInc_20200110_8-K_EX-10.5_11943350_EX-10.5_License Agreement,ArtaraTherapeuticsInc_20200110_8-K_EX-10.5_11943350_EX-10.5_License Agreement::p0015,para:ArtaraTherapeuticsInc_20200110_8-K_EX-10.5_11943350_EX-10.5_License Agreement::p0015,0.07,False,4,1,False,0.93
Q022,Termination For Convenience,ArtaraTherapeuticsInc_20200110_8-K_EX-10.5_11943350_EX-10.5_License Agreement,ArtaraTherapeuticsInc_20200110_8-K_EX-10.5_11943350_EX-10.5_License Agreement::p0027,para:ArtaraTherapeuticsInc_20200110_8-K_EX-10.5_11943350_EX-10.5_License Agreement::p0027,0.06,False,5,1,False,0.94
Q022,Termination For Convenience,ArtaraTherapeuticsInc_20200110_8-K_EX-10.5_11943350_EX-10.5_License Agreement,ArtaraTherapeuticsInc_20200110_8-K_EX-10.5_11943350_EX-10.5_License Agreement::p0026,para:ArtaraTherapeuticsInc_20200110_8-K_EX-10.5_11943350_EX-10.5_License Agreement::p0026,0.05,False,6,1,False,0.95
Q022,Termination For Convenience,ArtaraTherapeuticsInc_20200110_8-K_EX-10.5_11943350_EX-10.5_License Agreement,ArtaraTherapeuticsInc_20200110_8-K_EX-10.5_11943350_EX-10.5_License Agreement::p0003,para:ArtaraTherapeuticsInc_20200110_8-K_EX-10.5_11943350_EX-10.5_License Agreement::p0003,0.01,False,7,1,False,0.99
Q022,Termination For Convenience,ArtaraTherapeuticsInc_20200110_8-K_EX-10.5_11943350_EX-10.5_License Agreement,ArtaraTherapeuticsInc_20200110_8-K_EX-10.5_11943350_EX-10.5_License Agreement::p0028,para:ArtaraTherapeuticsInc_20200110_8-K_EX-10.5_11943350_EX-10.5_License Agreement::p0028,0.01,False,8,1,False,0.99
Q022,Termination For Convenience,ArtaraTherapeuticsInc_20200110_8-K_EX-10.5_11943350_EX-10.5_License Agreement,ArtaraTherapeuticsInc_20200110_8-K_EX-10.5_11943350_EX-10.5_License Agreement::p0014,para:ArtaraTherapeuticsInc_20200110_8-K_EX-10.5_11943350_EX-10.5_License Agreement::p0014,0.01,False,9,1,False,0.99
Q022,Termination For Convenience,ArtaraTherapeuticsInc_20200110_8-K_EX-10.5_11943350_EX-10.5_License Agreement,ArtaraTherapeuticsInc_20200110_8-K_EX-10.5_11943350_EX-10.5_License Agreement::p0021,para:ArtaraTherapeuticsInc_20200110_8-K_EX-10.5_11943350_EX-10.5_License Agreement::p0021,0.01,False,10,1,False,0.99
Q023,Document Name,"DUOSTECHNOLOGIESGROUP,INC_04_21_2009-EX-10.1-STRATEGIC ALLIANCE AGREEMENT","DUOSTECHNOLOGIESGROUP,INC_04_21_2009-EX-10.1-STRATEGIC ALLIANCE AGREEMENT::p0000","para:DUOSTECHNOLOGIESGROUP,INC_04_21_2009-EX-10.1-STRATEGIC ALLIANCE AGREEMENT::p0000",2.99,True,1,28,True,0.99
Q023,Document Name,"DUOSTECHNOLOGIESGROUP,INC_04_21_2009-EX-10.1-STRATEGIC ALLIANCE AGREEMENT","DUOSTECHNOLOGIESGROUP,INC_04_21_2009-EX-10.1-STRATEGIC ALLIANCE AGREEMENT::p0033","para:DUOSTECHNOLOGIESGROUP,INC_04_21_2009-EX-10.1-STRATEGIC ALLIANCE AGREEMENT::p0033",1.07,False,2,28,True,0.32
Q023,Document Name,"DUOSTECHNOLOGIESGROUP,INC_04_21_2009-EX-10.1-STRATEGIC ALLIANCE AGREEMENT","DUOSTECHNOLOGIESGROUP,INC_04_21_2009-EX-10.1-STRATEGIC ALLIANCE AGREEMENT::p0007","para:DUOSTECHNOLOGIESGROUP,INC_04_21_2009-EX-10.1-STRATEGIC ALLIANCE AGREEMENT::p0007",0.89,False,3,28,True,0.11
Q023,Document Name,"DUOSTECHNOLOGIESGROUP,INC_04_21_2009-EX-10.1-STRATEGIC ALLIANCE AGREEMENT","DUOSTECHNOLOGIESGROUP,INC_04_21_2009-EX-10.1-STRATEGIC ALLIANCE AGREEMENT::p0006","para:DUOSTECHNOLOGIESGROUP,INC_04_21_2009-EX-10.1-STRATEGIC ALLIANCE AGREEMENT::p0006",0.79,False,4,28,True,0.21
Q023,Document Name,"DUOSTECHNOLOGIESGROUP,INC_04_21_2009-EX-10.1-STRATEGIC ALLIANCE AGREEMENT","DUOSTECHNOLOGIESGROUP,INC_04_21_2009-EX-10.1-STRATEGIC ALLIANCE AGREEMENT::p0026","para:DUOSTECHNOLOGIESGROUP,INC_04_21_2009-EX-10.1-STRATEGIC ALLIANCE AGREEMENT::p0026",0.77,False,5,28,True,0.23
Q023,Document Name,"DUOSTECHNOLOGIESGROUP,INC_04_21_2009-EX-10.1-STRATEGIC ALLIANCE AGREEMENT","DUOSTECHNOLOGIESGROUP,INC_04_21_2009-EX-10.1-STRATEGIC ALLIANCE AGREEMENT::p0009","para:DUOSTECHNOLOGIESGROUP,INC_04_21_2009-EX-10.1-STRATEGIC ALLIANCE AGREEMENT::p0009",0.71,False,6,28,True,0.29
Q023,Document Name,"DUOSTECHNOLOGIESGROUP,INC_04_21_2009-EX-10.1-STRATEGIC ALLIANCE AGREEMENT","DUOSTECHNOLOGIESGROUP,INC_04_21_2009-EX-10.1-STRATEGIC ALLIANCE AGREEMENT::p0017","para:DUOSTECHNOLOGIESGROUP,INC_04_21_2009-EX-10.1-STRATEGIC ALLIANCE AGREEMENT::p0017",0.66,False,7,28,True,0.34
Q023,Document Name,"DUOSTECHNOLOGIESGROUP,INC_04_21_2009-EX-10.1-STRATEGIC ALLIANCE AGREEMENT","DUOSTECHNOLOGIESGROUP,INC_04_21_2009-EX-10.1-STRATEGIC ALLIANCE AGREEMENT::p0005","para:DUOSTECHNOLOGIESGROUP,INC_04_21_2009-EX-10.1-STRATEGIC ALLIANCE AGREEMENT::p0005",0.6,False,8,28,True,0.4
Q023,Document Name,"DUOSTECHNOLOGIESGROUP,INC_04_21_2009-EX-10.1-STRATEGIC ALLIANCE AGREEMENT","DUOSTECHNOLOGIESGROUP,INC_04_21_2009-EX-10.1-STRATEGIC ALLIANCE AGREEMENT::p0030","para:DUOSTECHNOLOGIESGROUP,INC_04_21_2009-EX-10.1-STRATEGIC ALLIANCE AGREEMENT::p0030",0.6,False,9,28,True,0.4
Q023,Document Name,"DUOSTECHNOLOGIESGROUP,INC_04_21_2009-EX-10.1-STRATEGIC ALLIANCE AGREEMENT","DUOSTECHNOLOGIESGROUP,INC_04_21_2009-EX-10.1-STRATEGIC ALLIANCE AGREEMENT::p0002","para:DUOSTECHNOLOGIESGROUP,INC_04_21_2009-EX-10.1-STRATEGIC ALLIANCE AGREEMENT::p0002",0.45,False,10,28,True,0.55
Q024,Ip Ownership Assignment,LiquidmetalTechnologiesInc_20200205_8-K_EX-10.1_11968198_EX-10.1_Development Agreement,LiquidmetalTechnologiesInc_20200205_8-K_EX-10.1_11968198_EX-10.1_Development Agreement::p0043,para:LiquidmetalTechnologiesInc_20200205_8-K_EX-10.1_11968198_EX-10.1_Development Agreement::p0043,2.63,True,1,64,True,0.63
Q024,Ip Ownership Assignment,LiquidmetalTechnologiesInc_20200205_8-K_EX-10.1_11968198_EX-10.1_Development Agreement,LiquidmetalTechnologiesInc_20200205_8-K_EX-10.1_11968198_EX-10.1_Development Agreement::p0034,para:LiquidmetalTechnologiesInc_20200205_8-K_EX-10.1_11968198_EX-10.1_Development Agreement::p0034,1.54,False,2,64,True,0.19
Q024,Ip Ownership Assignment,LiquidmetalTechnologiesInc_20200205_8-K_EX-10.1_11968198_EX-10.1_Development Agreement,LiquidmetalTechnologiesInc_20200205_8-K_EX-10.1_11968198_EX-10.1_Development Agreement::p0039,para:LiquidmetalTechnologiesInc_20200205_8-K_EX-10.1_11968198_EX-10.1_Development Agreement::p0039,1.49,False,3,64,True,0.05
Q024,Ip Ownership Assignment,LiquidmetalTechnologiesInc_20200205_8-K_EX-10.1_11968198_EX-10.1_Development Agreement,LiquidmetalTechnologiesInc_20200205_8-K_EX-10.1_11968198_EX-10.1_Development Agreement::p0000,para:LiquidmetalTechnologiesInc_20200205_8-K_EX-10.1_11968198_EX-10.1_Development Agreement::p0000,0.39,False,4,64,True,0.61
Q024,Ip Ownership Assignment,LiquidmetalTechnologiesInc_20200205_8-K_EX-10.1_11968198_EX-10.1_Development Agreement,LiquidmetalTechnologiesInc_20200205_8-K_EX-10.1_11968198_EX-10.1_Development Agreement::p0031,para:LiquidmetalTechnologiesInc_20200205_8-K_EX-10.1_11968198_EX-10.1_Development Agreement::p0031,0.14,False,5,64,True,0.86
Q024,Ip Ownership Assignment,LiquidmetalTechnologiesInc_20200205_8-K_EX-10.1_11968198_EX-10.1_Development Agreement,LiquidmetalTechnologiesInc_20200205_8-K_EX-10.1_11968198_EX-10.1_Development Agreement::p0056,para:LiquidmetalTechnologiesInc_20200205_8-K_EX-10.1_11968198_EX-10.1_Development Agreement::p0056,0.11,False,6,64,True,0.89
Q024,Ip Ownership Assignment,LiquidmetalTechnologiesInc_20200205_8-K_EX-10.1_11968198_EX-10.1_Development Agreement,LiquidmetalTechnologiesInc_20200205_8-K_EX-10.1_11968198_EX-10.1_Development Agreement::p0009,para:LiquidmetalTechnologiesInc_20200205_8-K_EX-10.1_11968198_EX-10.1_Development Agreement::p0009,0.11,False,7,64,True,0.89
Q024,Ip Ownership Assignment,LiquidmetalTechnologiesInc_20200205_8-K_EX-10.1_11968198_EX-10.1_Development Agreement,LiquidmetalTechnologiesInc_20200205_8-K_EX-10.1_11968198_EX-10.1_Development Agreement::p0057,para:LiquidmetalTechnologiesInc_20200205_8-K_EX-10.1_11968198_EX-10.1_Development Agreement::p0057,0.1,False,8,64,True,0.9
Q024,Ip Ownership Assignment,LiquidmetalTechnologiesInc_20200205_8-K_EX-10.1_11968198_EX-10.1_Development Agreement,LiquidmetalTechnologiesInc_20200205_8-K_EX-10.1_11968198_EX-10.1_Development Agreement::p0060,para:LiquidmetalTechnologiesInc_20200205_8-K_EX-10.1_11968198_EX-10.1_Development Agreement::p0060,0.07,False,9,64,True,0.93
Q024,Ip Ownership Assignment,LiquidmetalTechnologiesInc_20200205_8-K_EX-10.1_11968198_EX-10.1_Development Agreement,LiquidmetalTechnologiesInc_20200205_8-K_EX-10.1_11968198_EX-10.1_Development Agreement::p0029,para:LiquidmetalTechnologiesInc_20200205_8-K_EX-10.1_11968198_EX-10.1_Development Agreement::p0029,0.03,False,10,64,True,0.97
Q025,License Grant,RemarkHoldingsInc_20081114_10-Q_EX-10.24_2895649_EX-10.24_Content License Agreement,RemarkHoldingsInc_20081114_10-Q_EX-10.24_2895649_EX-10.24_Content License Agreement::p0006,para:RemarkHoldingsInc_20081114_10-Q_EX-10.24_2895649_EX-10.24_Content License Agreement::p0006,3.0,False,1,4,False,1.0
Q025,License Grant,RemarkHoldingsInc_20081114_10-Q_EX-10.24_2895649_EX-10.24_Content License Agreement,RemarkHoldingsInc_20081114_10-Q_EX-10.24_2895649_EX-10.24_Content License Agreement::p0012,para:RemarkHoldingsInc_20081114_10-Q_EX-10.24_2895649_EX-10.24_Content License Agreement::p0012,3.0,True,2,4,False,1.0
Q025,License Grant,RemarkHoldingsInc_20081114_10-Q_EX-10.24_2895649_EX-10.24_Content License Agreement,RemarkHoldingsInc_20081114_10-Q_EX-10.24_2895649_EX-10.24_Content License Agreement::p0014,para:RemarkHoldingsInc_20081114_10-Q_EX-10.24_2895649_EX-10.24_Content License Agreement::p0014,2.9,False,3,4,False,0.9
Q025,License Grant,RemarkHoldingsInc_20081114_10-Q_EX-10.24_2895649_EX-10.24_Content License Agreement,RemarkHoldingsInc_20081114_10-Q_EX-10.24_2895649_EX-10.24_Content License Agreement::p0008,para:RemarkHoldingsInc_20081114_10-Q_EX-10.24_2895649_EX-10.24_Content License Agreement::p0008,2.85,False,4,4,False,0.85
Q025,License Grant,RemarkHoldingsInc_20081114_10-Q_EX-10.24_2895649_EX-10.24_Content License Agreement,RemarkHoldingsInc_20081114_10-Q_EX-10.24_2895649_EX-10.24_Content License Agreement::p0009,para:RemarkHoldingsInc_20081114_10-Q_EX-10.24_2895649_EX-10.24_Content License Agreement::p0009,2.77,False,5,4,False,0.77
Q025,License Grant,RemarkHoldingsInc_20081114_10-Q_EX-10.24_2895649_EX-10.24_Content License Agreement,RemarkHoldingsInc_20081114_10-Q_EX-10.24_2895649_EX-10.24_Content License Agreement::p0019,para:RemarkHoldingsInc_20081114_10-Q_EX-10.24_2895649_EX-10.24_Content License Agreement::p0019,1.77,False,6,4,False,0.14
Q025,License Grant,RemarkHoldingsInc_20081114_10-Q_EX-10.24_2895649_EX-10.24_Content License Agreement,RemarkHoldingsInc_20081114_10-Q_EX-10.24_2895649_EX-10.24_Content License Agreement::p0025,para:RemarkHoldingsInc_20081114_10-Q_EX-10.24_2895649_EX-10.24_Content License Agreement::p0025,1.69,False,7,4,False,0.37
Q025,License Grant,RemarkHoldingsInc_20081114_10-Q_EX-10.24_2895649_EX-10.24_Content License Agreement,RemarkHoldingsInc_20081114_10-Q_EX-10.24_2895649_EX-10.24_Content License Agreement::p0044,para:RemarkHoldingsInc_20081114_10-Q_EX-10.24_2895649_EX-10.24_Content License Agreement::p0044,1.19,False,8,4,False,0.58
Q025,License Grant,RemarkHoldingsInc_20081114_10-Q_EX-10.24_2895649_EX-10.24_Content License Agreement,RemarkHoldingsInc_20081114_10-Q_EX-10.24_2895649_EX-10.24_Content License Agreement::p0011,para:RemarkHoldingsInc_20081114_10-Q_EX-10.24_2895649_EX-10.24_Content License Agreement::p0011,0.36,False,9,4,False,0.64
Q025,License Grant,RemarkHoldingsInc_20081114_10-Q_EX-10.24_2895649_EX-10.24_Content License Agreement,RemarkHoldingsInc_20081114_10-Q_EX-10.24_2895649_EX-10.24_Content License Agreement::p0039,para:RemarkHoldingsInc_20081114_10-Q_EX-10.24_2895649_EX-10.24_Content License Agreement::p0039,0.05,False,10,4,False,0.95
Q026,Audit Rights,IGENEBIOTECHNOLOGYINC_05_13_2003-EX-1-JOINT VENTURE AGREEMENT,IGENEBIOTECHNOLOGYINC_05_13_2003-EX-1-JOINT VENTURE AGREEMENT::p0048,para:IGENEBIOTECHNOLOGYINC_05_13_2003-EX-1-JOINT VENTURE AGREEMENT::p0048,2.64,True,1,1,False,0.64
Q026,Audit Rights,IGENEBIOTECHNOLOGYINC_05_13_2003-EX-1-JOINT VENTURE AGREEMENT,IGENEBIOTECHNOLOGYINC_05_13_2003-EX-1-JOINT VENTURE AGREEMENT::p0002,para:IGENEBIOTECHNOLOGYINC_05_13_2003-EX-1-JOINT VENTURE AGREEMENT::p0002,0.11,False,2,1,False,0.89
Q026,Audit Rights,IGENEBIOTECHNOLOGYINC_05_13_2003-EX-1-JOINT VENTURE AGREEMENT,IGENEBIOTECHNOLOGYINC_05_13_2003-EX-1-JOINT VENTURE AGREEMENT::p0042,para:IGENEBIOTECHNOLOGYINC_05_13_2003-EX-1-JOINT VENTURE AGREEMENT::p0042,0.05,False,3,1,False,0.95
Q026,Audit Rights,IGENEBIOTECHNOLOGYINC_05_13_2003-EX-1-JOINT VENTURE AGREEMENT,IGENEBIOTECHNOLOGYINC_05_13_2003-EX-1-JOINT VENTURE AGREEMENT::p0031,para:IGENEBIOTECHNOLOGYINC_05_13_2003-EX-1-JOINT VENTURE AGREEMENT::p0031,0.01,False,4,1,False,0.99
Q026,Audit Rights,IGENEBIOTECHNOLOGYINC_05_13_2003-EX-1-JOINT VENTURE AGREEMENT,IGENEBIOTECHNOLOGYINC_05_13_2003-EX-1-JOINT VENTURE AGREEMENT::p0040,para:IGENEBIOTECHNOLOGYINC_05_13_2003-EX-1-JOINT VENTURE AGREEMENT::p0040,0.01,False,5,1,False,0.99
Q026,Audit Rights,IGENEBIOTECHNOLOGYINC_05_13_2003-EX-1-JOINT VENTURE AGREEMENT,IGENEBIOTECHNOLOGYINC_05_13_2003-EX-1-JOINT VENTURE AGREEMENT::p0029,para:IGENEBIOTECHNOLOGYINC_05_13_2003-EX-1-JOINT VENTURE AGREEMENT::p0029,0.01,False,6,1,False,0.99
Q026,Audit Rights,IGENEBIOTECHNOLOGYINC_05_13_2003-EX-1-JOINT VENTURE AGREEMENT,IGENEBIOTECHNOLOGYINC_05_13_2003-EX-1-JOINT VENTURE AGREEMENT::p0033,para:IGENEBIOTECHNOLOGYINC_05_13_2003-EX-1-JOINT VENTURE AGREEMENT::p0033,0.0,False,7,1,False,1.0
Q026,Audit Rights,IGENEBIOTECHNOLOGYINC_05_13_2003-EX-1-JOINT VENTURE AGREEMENT,IGENEBIOTECHNOLOGYINC_05_13_2003-EX-1-JOINT VENTURE AGREEMENT::p0020,para:IGENEBIOTECHNOLOGYINC_05_13_2003-EX-1-JOINT VENTURE AGREEMENT::p0020,0.0,False,8,1,False,1.0
Q026,Audit Rights,IGENEBIOTECHNOLOGYINC_05_13_2003-EX-1-JOINT VENTURE AGREEMENT,IGENEBIOTECHNOLOGYINC_05_13_2003-EX-1-JOINT VENTURE AGREEMENT::p0021,para:IGENEBIOTECHNOLOGYINC_05_13_2003-EX-1-JOINT VENTURE AGREEMENT::p0021,0.0,False,9,1,False,1.0
Q026,Audit Rights,IGENEBIOTECHNOLOGYINC_05_13_2003-EX-1-JOINT VENTURE AGREEMENT,IGENEBIOTECHNOLOGYINC_05_13_2003-EX-1-JOINT VENTURE AGREEMENT::p0008,para:IGENEBIOTECHNOLOGYINC_05_13_2003-EX-1-JOINT VENTURE AGREEMENT::p0008,0.0,False,10,1,False,1.0
Q027,Agreement Date,LIMEENERGYCO_09_09_1999-EX-10-DISTRIBUTOR AGREEMENT,LIMEENERGYCO_09_09_1999-EX-10-DISTRIBUTOR AGREEMENT::p0000,para:LIMEENERGYCO_09_09_1999-EX-10-DISTRIBUTOR AGREEMENT::p0000,2.99,True,1,12,True,0.99
Q027,Agreement Date,LIMEENERGYCO_09_09_1999-EX-10-DISTRIBUTOR AGREEMENT,LIMEENERGYCO_09_09_1999-EX-10-DISTRIBUTOR AGREEMENT::p0026,para:LIMEENERGYCO_09_09_1999-EX-10-DISTRIBUTOR AGREEMENT::p0026,1.27,False,2,12,True,0.51
Q027,Agreement Date,LIMEENERGYCO_09_09_1999-EX-10-DISTRIBUTOR AGREEMENT,LIMEENERGYCO_09_09_1999-EX-10-DISTRIBUTOR AGREEMENT::p0045,para:LIMEENERGYCO_09_09_1999-EX-10-DISTRIBUTOR AGREEMENT::p0045,1.17,False,3,12,True,0.56
Q027,Agreement Date,LIMEENERGYCO_09_09_1999-EX-10-DISTRIBUTOR AGREEMENT,LIMEENERGYCO_09_09_1999-EX-10-DISTRIBUTOR AGREEMENT::p0004,para:LIMEENERGYCO_09_09_1999-EX-10-DISTRIBUTOR AGREEMENT::p0004,0.78,False,4,12,True,0.5
Q027,Agreement Date,LIMEENERGYCO_09_09_1999-EX-10-DISTRIBUTOR AGREEMENT,LIMEENERGYCO_09_09_1999-EX-10-DISTRIBUTOR AGREEMENT::p0013,para:LIMEENERGYCO_09_09_1999-EX-10-DISTRIBUTOR AGREEMENT::p0013,0.55,False,5,12,True,0.45
Q027,Agreement Date,LIMEENERGYCO_09_09_1999-EX-10-DISTRIBUTOR AGREEMENT,LIMEENERGYCO_09_09_1999-EX-10-DISTRIBUTOR AGREEMENT::p0043,para:LIMEENERGYCO_09_09_1999-EX-10-DISTRIBUTOR AGREEMENT::p0043,0.17,False,6,12,True,0.83
Q027,Agreement Date,LIMEENERGYCO_09_09_1999-EX-10-DISTRIBUTOR AGREEMENT,LIMEENERGYCO_09_09_1999-EX-10-DISTRIBUTOR AGREEMENT::p0003,para:LIMEENERGYCO_09_09_1999-EX-10-DISTRIBUTOR AGREEMENT::p0003,0.13,False,7,12,True,0.87
Q027,Agreement Date,LIMEENERGYCO_09_09_1999-EX-10-DISTRIBUTOR AGREEMENT,LIMEENERGYCO_09_09_1999-EX-10-DISTRIBUTOR AGREEMENT::p0042,para:LIMEENERGYCO_09_09_1999-EX-10-DISTRIBUTOR AGREEMENT::p0042,0.09,False,8,12,True,0.91
Q027,Agreement Date,LIMEENERGYCO_09_09_1999-EX-10-DISTRIBUTOR AGREEMENT,LIMEENERGYCO_09_09_1999-EX-10-DISTRIBUTOR AGREEMENT::p0030,para:LIMEENERGYCO_09_09_1999-EX-10-DISTRIBUTOR AGREEMENT::p0030,0.07,False,9,12,True,0.93
Q027,Agreement Date,LIMEENERGYCO_09_09_1999-EX-10-DISTRIBUTOR AGREEMENT,LIMEENERGYCO_09_09_1999-EX-10-DISTRIBUTOR AGREEMENT::p0010,para:LIMEENERGYCO_09_09_1999-EX-10-DISTRIBUTOR AGREEMENT::p0010,0.04,False,10,12,True,0.96
Q028,Non-Transferable License,TRICITYBANKSHARESCORP_05_15_1998-EX-10-OUTSOURCING AGREEMENT,TRICITYBANKSHARESCORP_05_15_1998-EX-10-OUTSOURCING AGREEMENT::p0076,para:TRICITYBANKSHARESCORP_05_15_1998-EX-10-OUTSOURCING AGREEMENT::p0076,3.0,True,1,1,False,1.0
Q028,Non-Transferable License,TRICITYBANKSHARESCORP_05_15_1998-EX-10-OUTSOURCING AGREEMENT,TRICITYBANKSHARESCORP_05_15_1998-EX-10-OUTSOURCING AGREEMENT::p0077,para:TRICITYBANKSHARESCORP_05_15_1998-EX-10-OUTSOURCING AGREEMENT::p0077,2.64,False,2,1,False,0.64
Q028,Non-Transferable License,TRICITYBANKSHARESCORP_05_15_1998-EX-10-OUTSOURCING AGREEMENT,TRICITYBANKSHARESCORP_05_15_1998-EX-10-OUTSOURCING AGREEMENT::p0053,para:TRICITYBANKSHARESCORP_05_15_1998-EX-10-OUTSOURCING AGREEMENT::p0053,1.15,False,3,1,False,0.4
Q028,Non-Transferable License,TRICITYBANKSHARESCORP_05_15_1998-EX-10-OUTSOURCING AGREEMENT,TRICITYBANKSHARESCORP_05_15_1998-EX-10-OUTSOURCING AGREEMENT::p0025,para:TRICITYBANKSHARESCORP_05_15_1998-EX-10-OUTSOURCING AGREEMENT::p0025,0.27,False,4,1,False,0.73
Q028,Non-Transferable License,TRICITYBANKSHARESCORP_05_15_1998-EX-10-OUTSOURCING AGREEMENT,TRICITYBANKSHARESCORP_05_15_1998-EX-10-OUTSOURCING AGREEMENT::p0005,para:TRICITYBANKSHARESCORP_05_15_1998-EX-10-OUTSOURCING AGREEMENT::p0005,0.19,False,5,1,False,0.81
Q028,Non-Transferable License,TRICITYBANKSHARESCORP_05_15_1998-EX-10-OUTSOURCING AGREEMENT,TRICITYBANKSHARESCORP_05_15_1998-EX-10-OUTSOURCING AGREEMENT::p0006,para:TRICITYBANKSHARESCORP_05_15_1998-EX-10-OUTSOURCING AGREEMENT::p0006,0.07,False,6,1,False,0.93
Q028,Non-Transferable License,TRICITYBANKSHARESCORP_05_15_1998-EX-10-OUTSOURCING AGREEMENT,TRICITYBANKSHARESCORP_05_15_1998-EX-10-OUTSOURCING AGREEMENT::p0021,para:TRICITYBANKSHARESCORP_05_15_1998-EX-10-OUTSOURCING AGREEMENT::p0021,0.05,False,7,1,False,0.95
Q028,Non-Transferable License,TRICITYBANKSHARESCORP_05_15_1998-EX-10-OUTSOURCING AGREEMENT,TRICITYBANKSHARESCORP_05_15_1998-EX-10-OUTSOURCING AGREEMENT::p0043,para:TRICITYBANKSHARESCORP_05_15_1998-EX-10-OUTSOURCING AGREEMENT::p0043,0.02,False,8,1,False,0.98
Q028,Non-Transferable License,TRICITYBANKSHARESCORP_05_15_1998-EX-10-OUTSOURCING AGREEMENT,TRICITYBANKSHARESCORP_05_15_1998-EX-10-OUTSOURCING AGREEMENT::p0063,para:TRICITYBANKSHARESCORP_05_15_1998-EX-10-OUTSOURCING AGREEMENT::p0063,0.0,False,9,1,False,1.0
Q028,Non-Transferable License,TRICITYBANKSHARESCORP_05_15_1998-EX-10-OUTSOURCING AGREEMENT,TRICITYBANKSHARESCORP_05_15_1998-EX-10-OUTSOURCING AGREEMENT::p0058,para:TRICITYBANKSHARESCORP_05_15_1998-EX-10-OUTSOURCING AGREEMENT::p0058,0.0,False,10,1,False,1.0
Q029,Covenant Not To Sue,AMBASSADOREYEWEARGROUPINC_11_17_1997-EX-10.28-ENDORSEMENT AGREEMENT,AMBASSADOREYEWEARGROUPINC_11_17_1997-EX-10.28-ENDORSEMENT AGREEMENT::p0009,para:AMBASSADOREYEWEARGROUPINC_11_17_1997-EX-10.28-ENDORSEMENT AGREEMENT::p0009,2.86,True,1,1,False,0.86
Q029,Covenant Not To Sue,AMBASSADOREYEWEARGROUPINC_11_17_1997-EX-10.28-ENDORSEMENT AGREEMENT,AMBASSADOREYEWEARGROUPINC_11_17_1997-EX-10.28-ENDORSEMENT AGREEMENT::p0008,para:AMBASSADOREYEWEARGROUPINC_11_17_1997-EX-10.28-ENDORSEMENT AGREEMENT::p0008,0.46,False,2,1,False,0.54
Q029,Covenant Not To Sue,AMBASSADOREYEWEARGROUPINC_11_17_1997-EX-10.28-ENDORSEMENT AGREEMENT,AMBASSADOREYEWEARGROUPINC_11_17_1997-EX-10.28-ENDORSEMENT AGREEMENT::p0010,para:AMBASSADOREYEWEARGROUPINC_11_17_1997-EX-10.28-ENDORSEMENT AGREEMENT::p0010,0.27,False,3,1,False,0.73
Q029,Covenant Not To Sue,AMBASSADOREYEWEARGROUPINC_11_17_1997-EX-10.28-ENDORSEMENT AGREEMENT,AMBASSADOREYEWEARGROUPINC_11_17_1997-EX-10.28-ENDORSEMENT AGREEMENT::p0023,para:AMBASSADOREYEWEARGROUPINC_11_17_1997-EX-10.28-ENDORSEMENT AGREEMENT::p0023,0.24,False,4,1,False,0.76
Q029,Covenant Not To Sue,AMBASSADOREYEWEARGROUPINC_11_17_1997-EX-10.28-ENDORSEMENT AGREEMENT,AMBASSADOREYEWEARGROUPINC_11_17_1997-EX-10.28-ENDORSEMENT AGREEMENT::p0020,para:AMBASSADOREYEWEARGROUPINC_11_17_1997-EX-10.28-ENDORSEMENT AGREEMENT::p0020,0.24,False,5,1,False,0.76
Q029,Covenant Not To Sue,AMBASSADOREYEWEARGROUPINC_11_17_1997-EX-10.28-ENDORSEMENT AGREEMENT,AMBASSADOREYEWEARGROUPINC_11_17_1997-EX-10.28-ENDORSEMENT AGREEMENT::p0015,para:AMBASSADOREYEWEARGROUPINC_11_17_1997-EX-10.28-ENDORSEMENT AGREEMENT::p0015,0.19,False,6,1,False,0.81
Q029,Covenant Not To Sue,AMBASSADOREYEWEARGROUPINC_11_17_1997-EX-10.28-ENDORSEMENT AGREEMENT,AMBASSADOREYEWEARGROUPINC_11_17_1997-EX-10.28-ENDORSEMENT AGREEMENT::p0007,para:AMBASSADOREYEWEARGROUPINC_11_17_1997-EX-10.28-ENDORSEMENT AGREEMENT::p0007,0.11,False,7,1,False,0.89
Q029,Covenant Not To Sue,AMBASSADOREYEWEARGROUPINC_11_17_1997-EX-10.28-ENDORSEMENT AGREEMENT,AMBASSADOREYEWEARGROUPINC_11_17_1997-EX-10.28-ENDORSEMENT AGREEMENT::p0021,para:AMBASSADOREYEWEARGROUPINC_11_17_1997-EX-10.28-ENDORSEMENT AGREEMENT::p0021,0.08,False,8,1,False,0.92
Q029,Covenant Not To Sue,AMBASSADOREYEWEARGROUPINC_11_17_1997-EX-10.28-ENDORSEMENT AGREEMENT,AMBASSADOREYEWEARGROUPINC_11_17_1997-EX-10.28-ENDORSEMENT AGREEMENT::p0024,para:AMBASSADOREYEWEARGROUPINC_11_17_1997-EX-10.28-ENDORSEMENT AGREEMENT::p0024,0.05,False,9,1,False,0.95
Q029,Covenant Not To Sue,AMBASSADOREYEWEARGROUPINC_11_17_1997-EX-10.28-ENDORSEMENT AGREEMENT,AMBASSADOREYEWEARGROUPINC_11_17_1997-EX-10.28-ENDORSEMENT AGREEMENT::p0001,para:AMBASSADOREYEWEARGROUPINC_11_17_1997-EX-10.28-ENDORSEMENT AGREEMENT::p0001,0.02,False,10,1,False,0.98
Q030,Agreement Date,VALENCETECHNOLOGYINC_02_14_2003-EX-10-JOINT VENTURE CONTRACT,VALENCETECHNOLOGYINC_02_14_2003-EX-10-JOINT VENTURE CONTRACT::p0049,para:VALENCETECHNOLOGYINC_02_14_2003-EX-10-JOINT VENTURE CONTRACT::p0049,2.25,True,1,31,True,0.25
Q030,Agreement Date,VALENCETECHNOLOGYINC_02_14_2003-EX-10-JOINT VENTURE CONTRACT,VALENCETECHNOLOGYINC_02_14_2003-EX-10-JOINT VENTURE CONTRACT::p0004,para:VALENCETECHNOLOGYINC_02_14_2003-EX-10-JOINT VENTURE CONTRACT::p0004,2.17,False,2,31,True,0.17
Q030,Agreement Date,VALENCETECHNOLOGYINC_02_14_2003-EX-10-JOINT VENTURE CONTRACT,VALENCETECHNOLOGYINC_02_14_2003-EX-10-JOINT VENTURE CONTRACT::p0001,para:VALENCETECHNOLOGYINC_02_14_2003-EX-10-JOINT VENTURE CONTRACT::p0001,1.25,False,3,31,True,0.37
Q030,Agreement Date,VALENCETECHNOLOGYINC_02_14_2003-EX-10-JOINT VENTURE CONTRACT,VALENCETECHNOLOGYINC_02_14_2003-EX-10-JOINT VENTURE CONTRACT::p0039,para:VALENCETECHNOLOGYINC_02_14_2003-EX-10-JOINT VENTURE CONTRACT::p0039,1.19,False,4,31,True,0.51
Q030,Agreement Date,VALENCETECHNOLOGYINC_02_14_2003-EX-10-JOINT VENTURE CONTRACT,VALENCETECHNOLOGYINC_02_14_2003-EX-10-JOINT VENTURE CONTRACT::p0040,para:VALENCETECHNOLOGYINC_02_14_2003-EX-10-JOINT VENTURE CONTRACT::p0040,0.75,False,5,31,True,0.51
Q030,Agreement Date,VALENCETECHNOLOGYINC_02_14_2003-EX-10-JOINT VENTURE CONTRACT,VALENCETECHNOLOGYINC_02_14_2003-EX-10-JOINT VENTURE CONTRACT::p0020,para:VALENCETECHNOLOGYINC_02_14_2003-EX-10-JOINT VENTURE CONTRACT::p0020,0.55,False,6,31,True,0.45
Q030,Agreement Date,VALENCETECHNOLOGYINC_02_14_2003-EX-10-JOINT VENTURE CONTRACT,VALENCETECHNOLOGYINC_02_14_2003-EX-10-JOINT VENTURE CONTRACT::p0018,para:VALENCETECHNOLOGYINC_02_14_2003-EX-10-JOINT VENTURE CONTRACT::p0018,0.33,False,7,31,True,0.67
Q030,Agreement Date,VALENCETECHNOLOGYINC_02_14_2003-EX-10-JOINT VENTURE CONTRACT,VALENCETECHNOLOGYINC_02_14_2003-EX-10-JOINT VENTURE CONTRACT::p0047,para:VALENCETECHNOLOGYINC_02_14_2003-EX-10-JOINT VENTURE CONTRACT::p0047,0.15,False,8,31,True,0.85
Q030,Agreement Date,VALENCETECHNOLOGYINC_02_14_2003-EX-10-JOINT VENTURE CONTRACT,VALENCETECHNOLOGYINC_02_14_2003-EX-10-JOINT VENTURE CONTRACT::p0038,para:VALENCETECHNOLOGYINC_02_14_2003-EX-10-JOINT VENTURE CONTRACT::p0038,0.05,False,9,31,True,0.95
Q030,Agreement Date,VALENCETECHNOLOGYINC_02_14_2003-EX-10-JOINT VENTURE CONTRACT,VALENCETECHNOLOGYINC_02_14_2003-EX-10-JOINT VENTURE CONTRACT::p0041,para:VALENCETECHNOLOGYINC_02_14_2003-EX-10-JOINT VENTURE CONTRACT::p0041,0.05,False,10,31,True,0.95
Q031,Expiration Date,EdietsComInc_20001030_10QSB_EX-10.4_2606646_EX-10.4_Co-Branding Agreement,EdietsComInc_20001030_10QSB_EX-10.4_2606646_EX-10.4_Co-Branding Agreement::p0019,para:EdietsComInc_20001030_10QSB_EX-10.4_2606646_EX-10.4_Co-Branding Agreement::p0019,2.46,True,1,1,False,0.46
Q031,Expiration Date,EdietsComInc_20001030_10QSB_EX-10.4_2606646_EX-10.4_Co-Branding Agreement,EdietsComInc_20001030_10QSB_EX-10.4_2606646_EX-10.4_Co-Branding Agreement::p0020,para:EdietsComInc_20001030_10QSB_EX-10.4_2606646_EX-10.4_Co-Branding Agreement::p0020,0.48,False,2,1,False,0.52
Q031,Expiration Date,EdietsComInc_20001030_10QSB_EX-10.4_2606646_EX-10.4_Co-Branding Agreement,EdietsComInc_20001030_10QSB_EX-10.4_2606646_EX-10.4_Co-Branding Agreement::p0011,para:EdietsComInc_20001030_10QSB_EX-10.4_2606646_EX-10.4_Co-Branding Agreement::p0011,0.45,False,3,1,False,0.55
Q031,Expiration Date,EdietsComInc_20001030_10QSB_EX-10.4_2606646_EX-10.4_Co-Branding Agreement,EdietsComInc_20001030_10QSB_EX-10.4_2606646_EX-10.4_Co-Branding Agreement::p0040,para:EdietsComInc_20001030_10QSB_EX-10.4_2606646_EX-10.4_Co-Branding Agreement::p0040,0.32,False,4,1,False,0.68
Q031,Expiration Date,EdietsComInc_20001030_10QSB_EX-10.4_2606646_EX-10.4_Co-Branding Agreement,EdietsComInc_20001030_10QSB_EX-10.4_2606646_EX-10.4_Co-Branding Agreement::p0021,para:EdietsComInc_20001030_10QSB_EX-10.4_2606646_EX-10.4_Co-Branding Agreement::p0021,0.3,False,5,1,False,0.7
Q031,Expiration Date,EdietsComInc_20001030_10QSB_EX-10.4_2606646_EX-10.4_Co-Branding Agreement,EdietsComInc_20001030_10QSB_EX-10.4_2606646_EX-10.4_Co-Branding Agreement::p0008,para:EdietsComInc_20001030_10QSB_EX-10.4_2606646_EX-10.4_Co-Branding Agreement::p0008,0.17,False,6,1,False,0.83
Q031,Expiration Date,EdietsComInc_20001030_10QSB_EX-10.4_2606646_EX-10.4_Co-Branding Agreement,EdietsComInc_20001030_10QSB_EX-10.4_2606646_EX-10.4_Co-Branding Agreement::p0010,para:EdietsComInc_20001030_10QSB_EX-10.4_2606646_EX-10.4_Co-Branding Agreement::p0010,0.11,False,7,1,False,0.89
Q031,Expiration Date,EdietsComInc_20001030_10QSB_EX-10.4_2606646_EX-10.4_Co-Branding Agreement,EdietsComInc_20001030_10QSB_EX-10.4_2606646_EX-10.4_Co-Branding Agreement::p0002,para:EdietsComInc_20001030_10QSB_EX-10.4_2606646_EX-10.4_Co-Branding Agreement::p0002,0.09,False,8,1,False,0.91
Q031,Expiration Date,EdietsComInc_20001030_10QSB_EX-10.4_2606646_EX-10.4_Co-Branding Agreement,EdietsComInc_20001030_10QSB_EX-10.4_2606646_EX-10.4_Co-Branding Agreement::p0037,para:EdietsComInc_20001030_10QSB_EX-10.4_2606646_EX-10.4_Co-Branding Agreement::p0037,0.05,False,9,1,False,0.95
Q031,Expiration Date,EdietsComInc_20001030_10QSB_EX-10.4_2606646_EX-10.4_Co-Branding Agreement,EdietsComInc_20001030_10QSB_EX-10.4_2606646_EX-10.4_Co-Branding Agreement::p0001,para:EdietsComInc_20001030_10QSB_EX-10.4_2606646_EX-10.4_Co-Branding Agreement::p0001,0.01,False,10,1,False,0.99
Q032,Parties,SANDRIDGEENERGYINC_08_06_2009-EX-10.6-OPERATIONS AND MAINTENANCE AGREEMENT,SANDRIDGEENERGYINC_08_06_2009-EX-10.6-OPERATIONS AND MAINTENANCE AGREEMENT::p0000,para:SANDRIDGEENERGYINC_08_06_2009-EX-10.6-OPERATIONS AND MAINTENANCE AGREEMENT::p0000,2.96,True,1,54,True,0.96
Q032,Parties,SANDRIDGEENERGYINC_08_06_2009-EX-10.6-OPERATIONS AND MAINTENANCE AGREEMENT,SANDRIDGEENERGYINC_08_06_2009-EX-10.6-OPERATIONS AND MAINTENANCE AGREEMENT::p0045,para:SANDRIDGEENERGYINC_08_06_2009-EX-10.6-OPERATIONS AND MAINTENANCE AGREEMENT::p0045,1.71,False,2,54,True,0.24
Q032,Parties,SANDRIDGEENERGYINC_08_06_2009-EX-10.6-OPERATIONS AND MAINTENANCE AGREEMENT,SANDRIDGEENERGYINC_08_06_2009-EX-10.6-OPERATIONS AND MAINTENANCE AGREEMENT::p0053,para:SANDRIDGEENERGYINC_08_06_2009-EX-10.6-OPERATIONS AND MAINTENANCE AGREEMENT::p0053,1.5,False,3,54,True,0.27
Q032,Parties,SANDRIDGEENERGYINC_08_06_2009-EX-10.6-OPERATIONS AND MAINTENANCE AGREEMENT,SANDRIDGEENERGYINC_08_06_2009-EX-10.6-OPERATIONS AND MAINTENANCE AGREEMENT::p0042,para:SANDRIDGEENERGYINC_08_06_2009-EX-10.6-OPERATIONS AND MAINTENANCE AGREEMENT::p0042,1.27,False,4,54,True,0.46
Q032,Parties,SANDRIDGEENERGYINC_08_06_2009-EX-10.6-OPERATIONS AND MAINTENANCE AGREEMENT,SANDRIDGEENERGYINC_08_06_2009-EX-10.6-OPERATIONS AND MAINTENANCE AGREEMENT::p0022,para:SANDRIDGEENERGYINC_08_06_2009-EX-10.6-OPERATIONS AND MAINTENANCE AGREEMENT::p0022,1.26,False,5,54,True,0.47
Q032,Parties,SANDRIDGEENERGYINC_08_06_2009-EX-10.6-OPERATIONS AND MAINTENANCE AGREEMENT,SANDRIDGEENERGYINC_08_06_2009-EX-10.6-OPERATIONS AND MAINTENANCE AGREEMENT::p0050,para:SANDRIDGEENERGYINC_08_06_2009-EX-10.6-OPERATIONS AND MAINTENANCE AGREEMENT::p0050,1.13,False,6,54,True,0.3
Q032,Parties,SANDRIDGEENERGYINC_08_06_2009-EX-10.6-OPERATIONS AND MAINTENANCE AGREEMENT,SANDRIDGEENERGYINC_08_06_2009-EX-10.6-OPERATIONS AND MAINTENANCE AGREEMENT::p0037,para:SANDRIDGEENERGYINC_08_06_2009-EX-10.6-OPERATIONS AND MAINTENANCE AGREEMENT::p0037,1.04,False,7,54,True,0.36
Q032,Parties,SANDRIDGEENERGYINC_08_06_2009-EX-10.6-OPERATIONS AND MAINTENANCE AGREEMENT,SANDRIDGEENERGYINC_08_06_2009-EX-10.6-OPERATIONS AND MAINTENANCE AGREEMENT::p0051,para:SANDRIDGEENERGYINC_08_06_2009-EX-10.6-OPERATIONS AND MAINTENANCE AGREEMENT::p0051,0.77,False,8,54,True,0.4
Q032,Parties,SANDRIDGEENERGYINC_08_06_2009-EX-10.6-OPERATIONS AND MAINTENANCE AGREEMENT,SANDRIDGEENERGYINC_08_06_2009-EX-10.6-OPERATIONS AND MAINTENANCE AGREEMENT::p0003,para:SANDRIDGEENERGYINC_08_06_2009-EX-10.6-OPERATIONS AND MAINTENANCE AGREEMENT::p0003,0.63,False,9,54,True,0.37
Q032,Parties,SANDRIDGEENERGYINC_08_06_2009-EX-10.6-OPERATIONS AND MAINTENANCE AGREEMENT,SANDRIDGEENERGYINC_08_06_2009-EX-10.6-OPERATIONS AND MAINTENANCE AGREEMENT::p0052,para:SANDRIDGEENERGYINC_08_06_2009-EX-10.6-OPERATIONS AND MAINTENANCE AGREEMENT::p0052,0.44,False,10,54,True,0.56
Q033,Cap On Liability,RemarkHoldingsInc_20081114_10-Q_EX-10.24_2895649_EX-10.24_Content License Agreement,RemarkHoldingsInc_20081114_10-Q_EX-10.24_2895649_EX-10.24_Content License Agreement::p0039,para:RemarkHoldingsInc_20081114_10-Q_EX-10.24_2895649_EX-10.24_Content License Agreement::p0039,2.99,True,1,1,False,0.99
Q033,Cap On Liability,RemarkHoldingsInc_20081114_10-Q_EX-10.24_2895649_EX-10.24_Content License Agreement,RemarkHoldingsInc_20081114_10-Q_EX-10.24_2895649_EX-10.24_Content License Agreement::p0021,para:RemarkHoldingsInc_20081114_10-Q_EX-10.24_2895649_EX-10.24_Content License Agreement::p0021,1.44,False,2,1,False,0.32
Q033,Cap On Liability,RemarkHoldingsInc_20081114_10-Q_EX-10.24_2895649_EX-10.24_Content License Agreement,RemarkHoldingsInc_20081114_10-Q_EX-10.24_2895649_EX-10.24_Content License Agreement::p0038,para:RemarkHoldingsInc_20081114_10-Q_EX-10.24_2895649_EX-10.24_Content License Agreement::p0038,0.16,False,3,1,False,0.84
Q033,Cap On Liability,RemarkHoldingsInc_20081114_10-Q_EX-10.24_2895649_EX-10.24_Content License Agreement,RemarkHoldingsInc_20081114_10-Q_EX-10.24_2895649_EX-10.24_Content License Agreement::p0037,para:RemarkHoldingsInc_20081114_10-Q_EX-10.24_2895649_EX-10.24_Content License Agreement::p0037,0.16,False,4,1,False,0.84
Q033,Cap On Liability,RemarkHoldingsInc_20081114_10-Q_EX-10.24_2895649_EX-10.24_Content License Agreement,RemarkHoldingsInc_20081114_10-Q_EX-10.24_2895649_EX-10.24_Content License Agreement::p0027,para:RemarkHoldingsInc_20081114_10-Q_EX-10.24_2895649_EX-10.24_Content License Agreement::p0027,0.09,False,5,1,False,0.91
Q033,Cap On Liability,RemarkHoldingsInc_20081114_10-Q_EX-10.24_2895649_EX-10.24_Content License Agreement,RemarkHoldingsInc_20081114_10-Q_EX-10.24_2895649_EX-10.24_Content License Agreement::p0002,para:RemarkHoldingsInc_20081114_10-Q_EX-10.24_2895649_EX-10.24_Content License Agreement::p0002,0.01,False,6,1,False,0.99
Q033,Cap On Liability,RemarkHoldingsInc_20081114_10-Q_EX-10.24_2895649_EX-10.24_Content License Agreement,RemarkHoldingsInc_20081114_10-Q_EX-10.24_2895649_EX-10.24_Content License Agreement::p0017,para:RemarkHoldingsInc_20081114_10-Q_EX-10.24_2895649_EX-10.24_Content License Agreement::p0017,0.01,False,7,1,False,0.99
Q033,Cap On Liability,RemarkHoldingsInc_20081114_10-Q_EX-10.24_2895649_EX-10.24_Content License Agreement,RemarkHoldingsInc_20081114_10-Q_EX-10.24_2895649_EX-10.24_Content License Agreement::p0044,para:RemarkHoldingsInc_20081114_10-Q_EX-10.24_2895649_EX-10.24_Content License Agreement::p0044,0.0,False,8,1,False,1.0
Q033,Cap On Liability,RemarkHoldingsInc_20081114_10-Q_EX-10.24_2895649_EX-10.24_Content License Agreement,RemarkHoldingsInc_20081114_10-Q_EX-10.24_2895649_EX-10.24_Content License Agreement::p0008,para:RemarkHoldingsInc_20081114_10-Q_EX-10.24_2895649_EX-10.24_Content License Agreement::p0008,0.0,False,9,1,False,1.0
Q033,Cap On Liability,RemarkHoldingsInc_20081114_10-Q_EX-10.24_2895649_EX-10.24_Content License Agreement,RemarkHoldingsInc_20081114_10-Q_EX-10.24_2895649_EX-10.24_Content License Agreement::p0010,para:RemarkHoldingsInc_20081114_10-Q_EX-10.24_2895649_EX-10.24_Content License Agreement::p0010,0.0,False,10,1,False,1.0
Q034,License Grant,INKTOMICORP_06_08_1998-EX-10.14-SOFTWARE HOSTING AGREEMENT,INKTOMICORP_06_08_1998-EX-10.14-SOFTWARE HOSTING AGREEMENT::p0048,para:INKTOMICORP_06_08_1998-EX-10.14-SOFTWARE HOSTING AGREEMENT::p0048,3.0,True,1,1,False,1.0
Q034,License Grant,INKTOMICORP_06_08_1998-EX-10.14-SOFTWARE HOSTING AGREEMENT,INKTOMICORP_06_08_1998-EX-10.14-SOFTWARE HOSTING AGREEMENT::p0049,para:INKTOMICORP_06_08_1998-EX-10.14-SOFTWARE HOSTING AGREEMENT::p0049,1.91,False,2,1,False,0.45
Q034,License Grant,INKTOMICORP_06_08_1998-EX-10.14-SOFTWARE HOSTING AGREEMENT,INKTOMICORP_06_08_1998-EX-10.14-SOFTWARE HOSTING AGREEMENT::p0000,para:INKTOMICORP_06_08_1998-EX-10.14-SOFTWARE HOSTING AGREEMENT::p0000,0.68,False,3,1,False,0.52
Q034,License Grant,INKTOMICORP_06_08_1998-EX-10.14-SOFTWARE HOSTING AGREEMENT,INKTOMICORP_06_08_1998-EX-10.14-SOFTWARE HOSTING AGREEMENT::p0046,para:INKTOMICORP_06_08_1998-EX-10.14-SOFTWARE HOSTING AGREEMENT::p0046,0.64,False,4,1,False,0.36
Q034,License Grant,INKTOMICORP_06_08_1998-EX-10.14-SOFTWARE HOSTING AGREEMENT,INKTOMICORP_06_08_1998-EX-10.14-SOFTWARE HOSTING AGREEMENT::p0029,para:INKTOMICORP_06_08_1998-EX-10.14-SOFTWARE HOSTING AGREEMENT::p0029,0.52,False,5,1,False,0.48
Q034,License Grant,INKTOMICORP_06_08_1998-EX-10.14-SOFTWARE HOSTING AGREEMENT,INKTOMICORP_06_08_1998-EX-10.14-SOFTWARE HOSTING AGREEMENT::p0036,para:INKTOMICORP_06_08_1998-EX-10.14-SOFTWARE HOSTING AGREEMENT::p0036,0.45,False,6,1,False,0.55
Q034,License Grant,INKTOMICORP_06_08_1998-EX-10.14-SOFTWARE HOSTING AGREEMENT,INKTOMICORP_06_08_1998-EX-10.14-SOFTWARE HOSTING AGREEMENT::p0039,para:INKTOMICORP_06_08_1998-EX-10.14-SOFTWARE HOSTING AGREEMENT::p0039,0.34,False,7,1,False,0.66
Q034,License Grant,INKTOMICORP_06_08_1998-EX-10.14-SOFTWARE HOSTING AGREEMENT,INKTOMICORP_06_08_1998-EX-10.14-SOFTWARE HOSTING AGREEMENT::p0027,para:INKTOMICORP_06_08_1998-EX-10.14-SOFTWARE HOSTING AGREEMENT::p0027,0.2,False,8,1,False,0.8
Q034,License Grant,INKTOMICORP_06_08_1998-EX-10.14-SOFTWARE HOSTING AGREEMENT,INKTOMICORP_06_08_1998-EX-10.14-SOFTWARE HOSTING AGREEMENT::p0045,para:INKTOMICORP_06_08_1998-EX-10.14-SOFTWARE HOSTING AGREEMENT::p0045,0.17,False,9,1,False,0.83
Q034,License Grant,INKTOMICORP_06_08_1998-EX-10.14-SOFTWARE HOSTING AGREEMENT,INKTOMICORP_06_08_1998-EX-10.14-SOFTWARE HOSTING AGREEMENT::p0011,para:INKTOMICORP_06_08_1998-EX-10.14-SOFTWARE HOSTING AGREEMENT::p0011,0.08,False,10,1,False,0.92
Q035,Cap On Liability,BIOCEPTINC_08_19_2013-EX-10-COLLABORATION AGREEMENT,BIOCEPTINC_08_19_2013-EX-10-COLLABORATION AGREEMENT::p0050,para:BIOCEPTINC_08_19_2013-EX-10-COLLABORATION AGREEMENT::p0050,1.02,True,1,2,False,0.42
Q035,Cap On Liability,BIOCEPTINC_08_19_2013-EX-10-COLLABORATION AGREEMENT,BIOCEPTINC_08_19_2013-EX-10-COLLABORATION AGREEMENT::p0039,para:BIOCEPTINC_08_19_2013-EX-10-COLLABORATION AGREEMENT::p0039,0.06,False,2,2,False,0.94
Q035,Cap On Liability,BIOCEPTINC_08_19_2013-EX-10-COLLABORATION AGREEMENT,BIOCEPTINC_08_19_2013-EX-10-COLLABORATION AGREEMENT::p0059,para:BIOCEPTINC_08_19_2013-EX-10-COLLABORATION AGREEMENT::p0059,0.04,False,3,2,False,0.96
Q035,Cap On Liability,BIOCEPTINC_08_19_2013-EX-10-COLLABORATION AGREEMENT,BIOCEPTINC_08_19_2013-EX-10-COLLABORATION AGREEMENT::p0064,para:BIOCEPTINC_08_19_2013-EX-10-COLLABORATION AGREEMENT::p0064,0.04,False,4,2,False,0.96
Q035,Cap On Liability,BIOCEPTINC_08_19_2013-EX-10-COLLABORATION AGREEMENT,BIOCEPTINC_08_19_2013-EX-10-COLLABORATION AGREEMENT::p0060,para:BIOCEPTINC_08_19_2013-EX-10-COLLABORATION AGREEMENT::p0060,0.02,False,5,2,False,0.98
Q035,Cap On Liability,BIOCEPTINC_08_19_2013-EX-10-COLLABORATION AGREEMENT,BIOCEPTINC_08_19_2013-EX-10-COLLABORATION AGREEMENT::p0055,para:BIOCEPTINC_08_19_2013-EX-10-COLLABORATION AGREEMENT::p0055,0.02,False,6,2,False,0.98
Q035,Cap On Liability,BIOCEPTINC_08_19_2013-EX-10-COLLABORATION AGREEMENT,BIOCEPTINC_08_19_2013-EX-10-COLLABORATION AGREEMENT::p0061,para:BIOCEPTINC_08_19_2013-EX-10-COLLABORATION AGREEMENT::p0061,0.01,False,7,2,False,0.99
Q035,Cap On Liability,BIOCEPTINC_08_19_2013-EX-10-COLLABORATION AGREEMENT,BIOCEPTINC_08_19_2013-EX-10-COLLABORATION AGREEMENT::p0044,para:BIOCEPTINC_08_19_2013-EX-10-COLLABORATION AGREEMENT::p0044,0.01,False,8,2,False,0.99
Q035,Cap On Liability,BIOCEPTINC_08_19_2013-EX-10-COLLABORATION AGREEMENT,BIOCEPTINC_08_19_2013-EX-10-COLLABORATION AGREEMENT::p0054,para:BIOCEPTINC_08_19_2013-EX-10-COLLABORATION AGREEMENT::p0054,0.0,False,9,2,False,1.0
Q035,Cap On Liability,BIOCEPTINC_08_19_2013-EX-10-COLLABORATION AGREEMENT,BIOCEPTINC_08_19_2013-EX-10-COLLABORATION AGREEMENT::p0034,para:BIOCEPTINC_08_19_2013-EX-10-COLLABORATION AGREEMENT::p0034,0.0,False,10,2,False,1.0
Q036,Anti-Assignment,MusclepharmCorp_20170208_10-KA_EX-10.38_9893581_EX-10.38_Co-Branding Agreement,MusclepharmCorp_20170208_10-KA_EX-10.38_9893581_EX-10.38_Co-Branding Agreement::p0060,para:MusclepharmCorp_20170208_10-KA_EX-10.38_9893581_EX-10.38_Co-Branding Agreement::p0060,3.0,False,1,12,True,1.0
Q036,Anti-Assignment,MusclepharmCorp_20170208_10-KA_EX-10.38_9893581_EX-10.38_Co-Branding Agreement,MusclepharmCorp_20170208_10-KA_EX-10.38_9893581_EX-10.38_Co-Branding Agreement::p0025,para:MusclepharmCorp_20170208_10-KA_EX-10.38_9893581_EX-10.38_Co-Branding Agreement::p0025,1.12,False,2,12,True,0.21
Q036,Anti-Assignment,MusclepharmCorp_20170208_10-KA_EX-10.38_9893581_EX-10.38_Co-Branding Agreement,MusclepharmCorp_20170208_10-KA_EX-10.38_9893581_EX-10.38_Co-Branding Agreement::p0034,para:MusclepharmCorp_20170208_10-KA_EX-10.38_9893581_EX-10.38_Co-Branding Agreement::p0034,0.28,False,3,12,True,0.72
Q036,Anti-Assignment,MusclepharmCorp_20170208_10-KA_EX-10.38_9893581_EX-10.38_Co-Branding Agreement,MusclepharmCorp_20170208_10-KA_EX-10.38_9893581_EX-10.38_Co-Branding Agreement::p0065,para:MusclepharmCorp_20170208_10-KA_EX-10.38_9893581_EX-10.38_Co-Branding Agreement::p0065,0.26,False,4,12,True,0.74
Q036,Anti-Assignment,MusclepharmCorp_20170208_10-KA_EX-10.38_9893581_EX-10.38_Co-Branding Agreement,MusclepharmCorp_20170208_10-KA_EX-10.38_9893581_EX-10.38_Co-Branding Agreement::p0019,para:MusclepharmCorp_20170208_10-KA_EX-10.38_9893581_EX-10.38_Co-Branding Agreement::p0019,0.06,False,5,12,True,0.94
Q036,Anti-Assignment,MusclepharmCorp_20170208_10-KA_EX-10.38_9893581_EX-10.38_Co-Branding Agreement,MusclepharmCorp_20170208_10-KA_EX-10.38_9893581_EX-10.38_Co-Branding Agreement::p0071,para:MusclepharmCorp_20170208_10-KA_EX-10.38_9893581_EX-10.38_Co-Branding Agreement::p0071,0.02,False,6,12,True,0.98
Q036,Anti-Assignment,MusclepharmCorp_20170208_10-KA_EX-10.38_9893581_EX-10.38_Co-Branding Agreement,MusclepharmCorp_20170208_10-KA_EX-10.38_9893581_EX-10.38_Co-Branding Agreement::p0039,para:MusclepharmCorp_20170208_10-KA_EX-10.38_9893581_EX-10.38_Co-Branding Agreement::p0039,0.01,False,7,12,True,0.99
Q036,Anti-Assignment,MusclepharmCorp_20170208_10-KA_EX-10.38_9893581_EX-10.38_Co-Branding Agreement,MusclepharmCorp_20170208_10-KA_EX-10.38_9893581_EX-10.38_Co-Branding Agreement::p0027,para:MusclepharmCorp_20170208_10-KA_EX-10.38_9893581_EX-10.38_Co-Branding Agreement::p0027,0.01,False,8,12,True,0.99
Q036,Anti-Assignment,MusclepharmCorp_20170208_10-KA_EX-10.38_9893581_EX-10.38_Co-Branding Agreement,MusclepharmCorp_20170208_10-KA_EX-10.38_9893581_EX-10.38_Co-Branding Agreement::p0067,para:MusclepharmCorp_20170208_10-KA_EX-10.38_9893581_EX-10.38_Co-Branding Agreement::p0067,0.01,False,9,12,True,0.99
Q036,Anti-Assignment,MusclepharmCorp_20170208_10-KA_EX-10.38_9893581_EX-10.38_Co-Branding Agreement,MusclepharmCorp_20170208_10-KA_EX-10.38_9893581_EX-10.38_Co-Branding Agreement::p0037,para:MusclepharmCorp_20170208_10-KA_EX-10.38_9893581_EX-10.38_Co-Branding Agreement::p0037,0.01,True,10,12,True,0.99
Q037,Ip Ownership Assignment,KALLOINC_11_03_2011-EX-10.1-STRATEGIC ALLIANCE AGREEMENT,KALLOINC_11_03_2011-EX-10.1-STRATEGIC ALLIANCE AGREEMENT::p0013,para:KALLOINC_11_03_2011-EX-10.1-STRATEGIC ALLIANCE AGREEMENT::p0013,2.59,True,1,1,False,0.59
Q037,Ip Ownership Assignment,KALLOINC_11_03_2011-EX-10.1-STRATEGIC ALLIANCE AGREEMENT,KALLOINC_11_03_2011-EX-10.1-STRATEGIC ALLIANCE AGREEMENT::p0018,para:KALLOINC_11_03_2011-EX-10.1-STRATEGIC ALLIANCE AGREEMENT::p0018,0.74,False,2,1,False,0.26
Q037,Ip Ownership Assignment,KALLOINC_11_03_2011-EX-10.1-STRATEGIC ALLIANCE AGREEMENT,KALLOINC_11_03_2011-EX-10.1-STRATEGIC ALLIANCE AGREEMENT::p0016,para:KALLOINC_11_03_2011-EX-10.1-STRATEGIC ALLIANCE AGREEMENT::p0016,0.7,False,3,1,False,0.3
Q037,Ip Ownership Assignment,KALLOINC_11_03_2011-EX-10.1-STRATEGIC ALLIANCE AGREEMENT,KALLOINC_11_03_2011-EX-10.1-STRATEGIC ALLIANCE AGREEMENT::p0020,para:KALLOINC_11_03_2011-EX-10.1-STRATEGIC ALLIANCE AGREEMENT::p0020,0.34,False,4,1,False,0.66
Q037,Ip Ownership Assignment,KALLOINC_11_03_2011-EX-10.1-STRATEGIC ALLIANCE AGREEMENT,KALLOINC_11_03_2011-EX-10.1-STRATEGIC ALLIANCE AGREEMENT::p0000,para:KALLOINC_11_03_2011-EX-10.1-STRATEGIC ALLIANCE AGREEMENT::p0000,0.26,False,5,1,False,0.74
Q037,Ip Ownership Assignment,KALLOINC_11_03_2011-EX-10.1-STRATEGIC ALLIANCE AGREEMENT,KALLOINC_11_03_2011-EX-10.1-STRATEGIC ALLIANCE AGREEMENT::p0022,para:KALLOINC_11_03_2011-EX-10.1-STRATEGIC ALLIANCE AGREEMENT::p0022,0.16,False,6,1,False,0.84
Q037,Ip Ownership Assignment,KALLOINC_11_03_2011-EX-10.1-STRATEGIC ALLIANCE AGREEMENT,KALLOINC_11_03_2011-EX-10.1-STRATEGIC ALLIANCE AGREEMENT::p0021,para:KALLOINC_11_03_2011-EX-10.1-STRATEGIC ALLIANCE AGREEMENT::p0021,0.1,False,7,1,False,0.9
Q037,Ip Ownership Assignment,KALLOINC_11_03_2011-EX-10.1-STRATEGIC ALLIANCE AGREEMENT,KALLOINC_11_03_2011-EX-10.1-STRATEGIC ALLIANCE AGREEMENT::p0023,para:KALLOINC_11_03_2011-EX-10.1-STRATEGIC ALLIANCE AGREEMENT::p0023,0.04,False,8,1,False,0.96
Q037,Ip Ownership Assignment,KALLOINC_11_03_2011-EX-10.1-STRATEGIC ALLIANCE AGREEMENT,KALLOINC_11_03_2011-EX-10.1-STRATEGIC ALLIANCE AGREEMENT::p0019,para:KALLOINC_11_03_2011-EX-10.1-STRATEGIC ALLIANCE AGREEMENT::p0019,0.03,False,9,1,False,0.97
Q037,Ip Ownership Assignment,KALLOINC_11_03_2011-EX-10.1-STRATEGIC ALLIANCE AGREEMENT,KALLOINC_11_03_2011-EX-10.1-STRATEGIC ALLIANCE AGREEMENT::p0037,para:KALLOINC_11_03_2011-EX-10.1-STRATEGIC ALLIANCE AGREEMENT::p0037,0.0,False,10,1,False,1.0
Q038,Audit Rights,Monsanto Company - SECOND A_R EXCLUSIVE AGENCY AND MARKETING AGREEMENT ,Monsanto Company - SECOND A_R EXCLUSIVE AGENCY AND MARKETING AGREEMENT ::p0042,para:Monsanto Company - SECOND A_R EXCLUSIVE AGENCY AND MARKETING AGREEMENT ::p0042,3.0,False,1,2,False,1.0
Q038,Audit Rights,Monsanto Company - SECOND A_R EXCLUSIVE AGENCY AND MARKETING AGREEMENT ,Monsanto Company - SECOND A_R EXCLUSIVE AGENCY AND MARKETING AGREEMENT ::p0024,para:Monsanto Company - SECOND A_R EXCLUSIVE AGENCY AND MARKETING AGREEMENT ::p0024,2.63,True,2,2,False,0.63
Q038,Audit Rights,Monsanto Company - SECOND A_R EXCLUSIVE AGENCY AND MARKETING AGREEMENT ,Monsanto Company - SECOND A_R EXCLUSIVE AGENCY AND MARKETING AGREEMENT ::p0129,para:Monsanto Company - SECOND A_R EXCLUSIVE AGENCY AND MARKETING AGREEMENT ::p0129,0.42,False,3,2,False,0.58
Q038,Audit Rights,Monsanto Company - SECOND A_R EXCLUSIVE AGENCY AND MARKETING AGREEMENT ,Monsanto Company - SECOND A_R EXCLUSIVE AGENCY AND MARKETING AGREEMENT ::p0106,para:Monsanto Company - SECOND A_R EXCLUSIVE AGENCY AND MARKETING AGREEMENT ::p0106,0.29,False,4,2,False,0.71
Q038,Audit Rights,Monsanto Company - SECOND A_R EXCLUSIVE AGENCY AND MARKETING AGREEMENT ,Monsanto Company - SECOND A_R EXCLUSIVE AGENCY AND MARKETING AGREEMENT ::p0132,para:Monsanto Company - SECOND A_R EXCLUSIVE AGENCY AND MARKETING AGREEMENT ::p0132,0.26,False,5,2,False,0.74
Q038,Audit Rights,Monsanto Company - SECOND A_R EXCLUSIVE AGENCY AND MARKETING AGREEMENT ,Monsanto Company - SECOND A_R EXCLUSIVE AGENCY AND MARKETING AGREEMENT ::p0036,para:Monsanto Company - SECOND A_R EXCLUSIVE AGENCY AND MARKETING AGREEMENT ::p0036,0.08,False,6,2,False,0.92
Q038,Audit Rights,Monsanto Company - SECOND A_R EXCLUSIVE AGENCY AND MARKETING AGREEMENT ,Monsanto Company - SECOND A_R EXCLUSIVE AGENCY AND MARKETING AGREEMENT ::p0103,para:Monsanto Company - SECOND A_R EXCLUSIVE AGENCY AND MARKETING AGREEMENT ::p0103,0.01,False,7,2,False,0.99
Q038,Audit Rights,Monsanto Company - SECOND A_R EXCLUSIVE AGENCY AND MARKETING AGREEMENT ,Monsanto Company - SECOND A_R EXCLUSIVE AGENCY AND MARKETING AGREEMENT ::p0101,para:Monsanto Company - SECOND A_R EXCLUSIVE AGENCY AND MARKETING AGREEMENT ::p0101,0.01,False,8,2,False,0.99
Q038,Audit Rights,Monsanto Company - SECOND A_R EXCLUSIVE AGENCY AND MARKETING AGREEMENT ,Monsanto Company - SECOND A_R EXCLUSIVE AGENCY AND MARKETING AGREEMENT ::p0136,para:Monsanto Company - SECOND A_R EXCLUSIVE AGENCY AND MARKETING AGREEMENT ::p0136,0.0,False,9,2,False,1.0
Q038,Audit Rights,Monsanto Company - SECOND A_R EXCLUSIVE AGENCY AND MARKETING AGREEMENT ,Monsanto Company - SECOND A_R EXCLUSIVE AGENCY AND MARKETING AGREEMENT ::p0084,para:Monsanto Company - SECOND A_R EXCLUSIVE AGENCY AND MARKETING AGREEMENT ::p0084,0.0,False,10,2,False,1.0
Q039,Revenue/Profit Sharing,MidwestEnergyEmissionsCorp_20080604_8-K_EX-10.2_3093976_EX-10.2_Content License Agreement,MidwestEnergyEmissionsCorp_20080604_8-K_EX-10.2_3093976_EX-10.2_Content License Agreement::p0005,para:MidwestEnergyEmissionsCorp_20080604_8-K_EX-10.2_3093976_EX-10.2_Content License Agreement::p0005,2.94,True,1,2,False,0.94
Q039,Revenue/Profit Sharing,MidwestEnergyEmissionsCorp_20080604_8-K_EX-10.2_3093976_EX-10.2_Content License Agreement,MidwestEnergyEmissionsCorp_20080604_8-K_EX-10.2_3093976_EX-10.2_Content License Agreement::p0006,para:MidwestEnergyEmissionsCorp_20080604_8-K_EX-10.2_3093976_EX-10.2_Content License Agreement::p0006,2.35,False,2,2,False,0.35
Q039,Revenue/Profit Sharing,MidwestEnergyEmissionsCorp_20080604_8-K_EX-10.2_3093976_EX-10.2_Content License Agreement,MidwestEnergyEmissionsCorp_20080604_8-K_EX-10.2_3093976_EX-10.2_Content License Agreement::p0020,para:MidwestEnergyEmissionsCorp_20080604_8-K_EX-10.2_3093976_EX-10.2_Content License Agreement::p0020,1.51,False,3,2,False,0.31
Q039,Revenue/Profit Sharing,MidwestEnergyEmissionsCorp_20080604_8-K_EX-10.2_3093976_EX-10.2_Content License Agreement,MidwestEnergyEmissionsCorp_20080604_8-K_EX-10.2_3093976_EX-10.2_Content License Agreement::p0022,para:MidwestEnergyEmissionsCorp_20080604_8-K_EX-10.2_3093976_EX-10.2_Content License Agreement::p0022,1.48,False,4,2,False,0.31
Q039,Revenue/Profit Sharing,MidwestEnergyEmissionsCorp_20080604_8-K_EX-10.2_3093976_EX-10.2_Content License Agreement,MidwestEnergyEmissionsCorp_20080604_8-K_EX-10.2_3093976_EX-10.2_Content License Agreement::p0000,para:MidwestEnergyEmissionsCorp_20080604_8-K_EX-10.2_3093976_EX-10.2_Content License Agreement::p0000,0.34,False,5,2,False,0.66
Q039,Revenue/Profit Sharing,MidwestEnergyEmissionsCorp_20080604_8-K_EX-10.2_3093976_EX-10.2_Content License Agreement,MidwestEnergyEmissionsCorp_20080604_8-K_EX-10.2_3093976_EX-10.2_Content License Agreement::p0016,para:MidwestEnergyEmissionsCorp_20080604_8-K_EX-10.2_3093976_EX-10.2_Content License Agreement::p0016,0.23,False,6,2,False,0.77
Q039,Revenue/Profit Sharing,MidwestEnergyEmissionsCorp_20080604_8-K_EX-10.2_3093976_EX-10.2_Content License Agreement,MidwestEnergyEmissionsCorp_20080604_8-K_EX-10.2_3093976_EX-10.2_Content License Agreement::p0011,para:MidwestEnergyEmissionsCorp_20080604_8-K_EX-10.2_3093976_EX-10.2_Content License Agreement::p0011,0.12,False,7,2,False,0.88
Q039,Revenue/Profit Sharing,MidwestEnergyEmissionsCorp_20080604_8-K_EX-10.2_3093976_EX-10.2_Content License Agreement,MidwestEnergyEmissionsCorp_20080604_8-K_EX-10.2_3093976_EX-10.2_Content License Agreement::p0004,para:MidwestEnergyEmissionsCorp_20080604_8-K_EX-10.2_3093976_EX-10.2_Content License Agreement::p0004,0.05,False,8,2,False,0.95
Q039,Revenue/Profit Sharing,MidwestEnergyEmissionsCorp_20080604_8-K_EX-10.2_3093976_EX-10.2_Content License Agreement,MidwestEnergyEmissionsCorp_20080604_8-K_EX-10.2_3093976_EX-10.2_Content License Agreement::p0003,para:MidwestEnergyEmissionsCorp_20080604_8-K_EX-10.2_3093976_EX-10.2_Content License Agreement::p0003,0.04,False,9,2,False,0.96
Q039,Revenue/Profit Sharing,MidwestEnergyEmissionsCorp_20080604_8-K_EX-10.2_3093976_EX-10.2_Content License Agreement,MidwestEnergyEmissionsCorp_20080604_8-K_EX-10.2_3093976_EX-10.2_Content License Agreement::p0013,para:MidwestEnergyEmissionsCorp_20080604_8-K_EX-10.2_3093976_EX-10.2_Content License Agreement::p0013,0.01,False,10,2,False,0.99
Q040,Anti-Assignment,"VAPOTHERM, INC. - Manufacturing and Supply Agreement","VAPOTHERM, INC. - Manufacturing and Supply Agreement::p0056","para:VAPOTHERM, INC. - Manufacturing and Supply Agreement::p0056",2.99,True,1,2,False,0.99
Q040,Anti-Assignment,"VAPOTHERM, INC. - Manufacturing and Supply Agreement","VAPOTHERM, INC. - Manufacturing and Supply Agreement::p0031","para:VAPOTHERM, INC. - Manufacturing and Supply Agreement::p0031",0.22,False,2,2,False,0.78
Q040,Anti-Assignment,"VAPOTHERM, INC. - Manufacturing and Supply Agreement","VAPOTHERM, INC. - Manufacturing and Supply Agreement::p0047","para:VAPOTHERM, INC. - Manufacturing and Supply Agreement::p0047",0.17,False,3,2,False,0.83
Q040,Anti-Assignment,"VAPOTHERM, INC. - Manufacturing and Supply Agreement","VAPOTHERM, INC. - Manufacturing and Supply Agreement::p0048","para:VAPOTHERM, INC. - Manufacturing and Supply Agreement::p0048",0.05,False,4,2,False,0.95
Q040,Anti-Assignment,"VAPOTHERM, INC. - Manufacturing and Supply Agreement","VAPOTHERM, INC. - Manufacturing and Supply Agreement::p0032","para:VAPOTHERM, INC. - Manufacturing and Supply Agreement::p0032",0.04,False,5,2,False,0.96
Q040,Anti-Assignment,"VAPOTHERM, INC. - Manufacturing and Supply Agreement","VAPOTHERM, INC. - Manufacturing and Supply Agreement::p0026","para:VAPOTHERM, INC. - Manufacturing and Supply Agreement::p0026",0.03,False,6,2,False,0.97
Q040,Anti-Assignment,"VAPOTHERM, INC. - Manufacturing and Supply Agreement","VAPOTHERM, INC. - Manufacturing and Supply Agreement::p0039","para:VAPOTHERM, INC. - Manufacturing and Supply Agreement::p0039",0.01,False,7,2,False,0.99
Q040,Anti-Assignment,"VAPOTHERM, INC. - Manufacturing and Supply Agreement","VAPOTHERM, INC. - Manufacturing and Supply Agreement::p0042","para:VAPOTHERM, INC. - Manufacturing and Supply Agreement::p0042",0.01,False,8,2,False,0.99
Q040,Anti-Assignment,"VAPOTHERM, INC. - Manufacturing and Supply Agreement","VAPOTHERM, INC. - Manufacturing and Supply Agreement::p0037","para:VAPOTHERM, INC. - Manufacturing and Supply Agreement::p0037",0.01,False,9,2,False,0.99
Q040,Anti-Assignment,"VAPOTHERM, INC. - Manufacturing and Supply Agreement","VAPOTHERM, INC. - Manufacturing and Supply Agreement::p0038","para:VAPOTHERM, INC. - Manufacturing and Supply Agreement::p0038",0.0,False,10,2,False,1.0
Q041,Minimum Commitment,"IOVANCEBIOTHERAPEUTICS,INC_08_03_2017-EX-10.1-STRATEGIC ALLIANCE AGREEMENT","IOVANCEBIOTHERAPEUTICS,INC_08_03_2017-EX-10.1-STRATEGIC ALLIANCE AGREEMENT::p0020","para:IOVANCEBIOTHERAPEUTICS,INC_08_03_2017-EX-10.1-STRATEGIC ALLIANCE AGREEMENT::p0020",2.03,True,1,1,False,0.03
Q041,Minimum Commitment,"IOVANCEBIOTHERAPEUTICS,INC_08_03_2017-EX-10.1-STRATEGIC ALLIANCE AGREEMENT","IOVANCEBIOTHERAPEUTICS,INC_08_03_2017-EX-10.1-STRATEGIC ALLIANCE AGREEMENT::p0022","para:IOVANCEBIOTHERAPEUTICS,INC_08_03_2017-EX-10.1-STRATEGIC ALLIANCE AGREEMENT::p0022",1.81,False,2,1,False,0.0
Q041,Minimum Commitment,"IOVANCEBIOTHERAPEUTICS,INC_08_03_2017-EX-10.1-STRATEGIC ALLIANCE AGREEMENT","IOVANCEBIOTHERAPEUTICS,INC_08_03_2017-EX-10.1-STRATEGIC ALLIANCE AGREEMENT::p0016","para:IOVANCEBIOTHERAPEUTICS,INC_08_03_2017-EX-10.1-STRATEGIC ALLIANCE AGREEMENT::p0016",0.51,False,3,1,False,0.49
Q041,Minimum Commitment,"IOVANCEBIOTHERAPEUTICS,INC_08_03_2017-EX-10.1-STRATEGIC ALLIANCE AGREEMENT","IOVANCEBIOTHERAPEUTICS,INC_08_03_2017-EX-10.1-STRATEGIC ALLIANCE AGREEMENT::p0042","para:IOVANCEBIOTHERAPEUTICS,INC_08_03_2017-EX-10.1-STRATEGIC ALLIANCE AGREEMENT::p0042",0.24,False,4,1,False,0.76
Q041,Minimum Commitment,"IOVANCEBIOTHERAPEUTICS,INC_08_03_2017-EX-10.1-STRATEGIC ALLIANCE AGREEMENT","IOVANCEBIOTHERAPEUTICS,INC_08_03_2017-EX-10.1-STRATEGIC ALLIANCE AGREEMENT::p0002","para:IOVANCEBIOTHERAPEUTICS,INC_08_03_2017-EX-10.1-STRATEGIC ALLIANCE AGREEMENT::p0002",0.01,False,5,1,False,0.99
Q041,Minimum Commitment,"IOVANCEBIOTHERAPEUTICS,INC_08_03_2017-EX-10.1-STRATEGIC ALLIANCE AGREEMENT","IOVANCEBIOTHERAPEUTICS,INC_08_03_2017-EX-10.1-STRATEGIC ALLIANCE AGREEMENT::p0006","para:IOVANCEBIOTHERAPEUTICS,INC_08_03_2017-EX-10.1-STRATEGIC ALLIANCE AGREEMENT::p0006",0.01,False,6,1,False,0.99
Q041,Minimum Commitment,"IOVANCEBIOTHERAPEUTICS,INC_08_03_2017-EX-10.1-STRATEGIC ALLIANCE AGREEMENT","IOVANCEBIOTHERAPEUTICS,INC_08_03_2017-EX-10.1-STRATEGIC ALLIANCE AGREEMENT::p0001","para:IOVANCEBIOTHERAPEUTICS,INC_08_03_2017-EX-10.1-STRATEGIC ALLIANCE AGREEMENT::p0001",0.0,False,7,1,False,1.0
Q041,Minimum Commitment,"IOVANCEBIOTHERAPEUTICS,INC_08_03_2017-EX-10.1-STRATEGIC ALLIANCE AGREEMENT","IOVANCEBIOTHERAPEUTICS,INC_08_03_2017-EX-10.1-STRATEGIC ALLIANCE AGREEMENT::p0033","para:IOVANCEBIOTHERAPEUTICS,INC_08_03_2017-EX-10.1-STRATEGIC ALLIANCE AGREEMENT::p0033",0.0,False,8,1,False,1.0
Q041,Minimum Commitment,"IOVANCEBIOTHERAPEUTICS,INC_08_03_2017-EX-10.1-STRATEGIC ALLIANCE AGREEMENT","IOVANCEBIOTHERAPEUTICS,INC_08_03_2017-EX-10.1-STRATEGIC ALLIANCE AGREEMENT::p0030","para:IOVANCEBIOTHERAPEUTICS,INC_08_03_2017-EX-10.1-STRATEGIC ALLIANCE AGREEMENT::p0030",0.0,False,9,1,False,1.0
Q041,Minimum Commitment,"IOVANCEBIOTHERAPEUTICS,INC_08_03_2017-EX-10.1-STRATEGIC ALLIANCE AGREEMENT","IOVANCEBIOTHERAPEUTICS,INC_08_03_2017-EX-10.1-STRATEGIC ALLIANCE AGREEMENT::p0048","para:IOVANCEBIOTHERAPEUTICS,INC_08_03_2017-EX-10.1-STRATEGIC ALLIANCE AGREEMENT::p0048",0.0,False,10,1,False,1.0
Q042,Governing Law,LIMEENERGYCO_09_09_1999-EX-10-DISTRIBUTOR AGREEMENT,LIMEENERGYCO_09_09_1999-EX-10-DISTRIBUTOR AGREEMENT::p0044,para:LIMEENERGYCO_09_09_1999-EX-10-DISTRIBUTOR AGREEMENT::p0044,2.99,True,1,1,False,0.99
Q042,Governing Law,LIMEENERGYCO_09_09_1999-EX-10-DISTRIBUTOR AGREEMENT,LIMEENERGYCO_09_09_1999-EX-10-DISTRIBUTOR AGREEMENT::p0003,para:LIMEENERGYCO_09_09_1999-EX-10-DISTRIBUTOR AGREEMENT::p0003,1.26,False,2,1,False,0.55
Q042,Governing Law,LIMEENERGYCO_09_09_1999-EX-10-DISTRIBUTOR AGREEMENT,LIMEENERGYCO_09_09_1999-EX-10-DISTRIBUTOR AGREEMENT::p0001,para:LIMEENERGYCO_09_09_1999-EX-10-DISTRIBUTOR AGREEMENT::p0001,0.22,False,3,1,False,0.78
Q042,Governing Law,LIMEENERGYCO_09_09_1999-EX-10-DISTRIBUTOR AGREEMENT,LIMEENERGYCO_09_09_1999-EX-10-DISTRIBUTOR AGREEMENT::p0020,para:LIMEENERGYCO_09_09_1999-EX-10-DISTRIBUTOR AGREEMENT::p0020,0.19,False,4,1,False,0.81
Q042,Governing Law,LIMEENERGYCO_09_09_1999-EX-10-DISTRIBUTOR AGREEMENT,LIMEENERGYCO_09_09_1999-EX-10-DISTRIBUTOR AGREEMENT::p0039,para:LIMEENERGYCO_09_09_1999-EX-10-DISTRIBUTOR AGREEMENT::p0039,0.12,False,5,1,False,0.88
Q042,Governing Law,LIMEENERGYCO_09_09_1999-EX-10-DISTRIBUTOR AGREEMENT,LIMEENERGYCO_09_09_1999-EX-10-DISTRIBUTOR AGREEMENT::p0029,para:LIMEENERGYCO_09_09_1999-EX-10-DISTRIBUTOR AGREEMENT::p0029,0.02,False,6,1,False,0.98
Q042,Governing Law,LIMEENERGYCO_09_09_1999-EX-10-DISTRIBUTOR AGREEMENT,LIMEENERGYCO_09_09_1999-EX-10-DISTRIBUTOR AGREEMENT::p0017,para:LIMEENERGYCO_09_09_1999-EX-10-DISTRIBUTOR AGREEMENT::p0017,0.0,False,7,1,False,1.0
Q042,Governing Law,LIMEENERGYCO_09_09_1999-EX-10-DISTRIBUTOR AGREEMENT,LIMEENERGYCO_09_09_1999-EX-10-DISTRIBUTOR AGREEMENT::p0040,para:LIMEENERGYCO_09_09_1999-EX-10-DISTRIBUTOR AGREEMENT::p0040,0.0,False,8,1,False,1.0
Q042,Governing Law,LIMEENERGYCO_09_09_1999-EX-10-DISTRIBUTOR AGREEMENT,LIMEENERGYCO_09_09_1999-EX-10-DISTRIBUTOR AGREEMENT::p0010,para:LIMEENERGYCO_09_09_1999-EX-10-DISTRIBUTOR AGREEMENT::p0010,0.0,False,9,1,False,1.0
Q042,Governing Law,LIMEENERGYCO_09_09_1999-EX-10-DISTRIBUTOR AGREEMENT,LIMEENERGYCO_09_09_1999-EX-10-DISTRIBUTOR AGREEMENT::p0031,para:LIMEENERGYCO_09_09_1999-EX-10-DISTRIBUTOR AGREEMENT::p0031,0.0,False,10,1,False,1.0
Q043,Liquidated Damages,"FTENETWORKS,INC_02_18_2016-EX-99.4-STRATEGIC ALLIANCE AGREEMENT","FTENETWORKS,INC_02_18_2016-EX-99.4-STRATEGIC ALLIANCE AGREEMENT::p0028","para:FTENETWORKS,INC_02_18_2016-EX-99.4-STRATEGIC ALLIANCE AGREEMENT::p0028",2.96,True,1,1,False,0.96
Q043,Liquidated Damages,"FTENETWORKS,INC_02_18_2016-EX-99.4-STRATEGIC ALLIANCE AGREEMENT","FTENETWORKS,INC_02_18_2016-EX-99.4-STRATEGIC ALLIANCE AGREEMENT::p0013","para:FTENETWORKS,INC_02_18_2016-EX-99.4-STRATEGIC ALLIANCE AGREEMENT::p0013",1.07,False,2,1,False,0.54
Q043,Liquidated Damages,"FTENETWORKS,INC_02_18_2016-EX-99.4-STRATEGIC ALLIANCE AGREEMENT","FTENETWORKS,INC_02_18_2016-EX-99.4-STRATEGIC ALLIANCE AGREEMENT::p0012","para:FTENETWORKS,INC_02_18_2016-EX-99.4-STRATEGIC ALLIANCE AGREEMENT::p0012",0.36,False,3,1,False,0.64
Q043,Liquidated Damages,"FTENETWORKS,INC_02_18_2016-EX-99.4-STRATEGIC ALLIANCE AGREEMENT","FTENETWORKS,INC_02_18_2016-EX-99.4-STRATEGIC ALLIANCE AGREEMENT::p0001","para:FTENETWORKS,INC_02_18_2016-EX-99.4-STRATEGIC ALLIANCE AGREEMENT::p0001",0.12,False,4,1,False,0.88
Q043,Liquidated Damages,"FTENETWORKS,INC_02_18_2016-EX-99.4-STRATEGIC ALLIANCE AGREEMENT","FTENETWORKS,INC_02_18_2016-EX-99.4-STRATEGIC ALLIANCE AGREEMENT::p0030","para:FTENETWORKS,INC_02_18_2016-EX-99.4-STRATEGIC ALLIANCE AGREEMENT::p0030",0.01,False,5,1,False,0.99
Q043,Liquidated Damages,"FTENETWORKS,INC_02_18_2016-EX-99.4-STRATEGIC ALLIANCE AGREEMENT","FTENETWORKS,INC_02_18_2016-EX-99.4-STRATEGIC ALLIANCE AGREEMENT::p0009","para:FTENETWORKS,INC_02_18_2016-EX-99.4-STRATEGIC ALLIANCE AGREEMENT::p0009",0.01,False,6,1,False,0.99
Q043,Liquidated Damages,"FTENETWORKS,INC_02_18_2016-EX-99.4-STRATEGIC ALLIANCE AGREEMENT","FTENETWORKS,INC_02_18_2016-EX-99.4-STRATEGIC ALLIANCE AGREEMENT::p0027","para:FTENETWORKS,INC_02_18_2016-EX-99.4-STRATEGIC ALLIANCE AGREEMENT::p0027",0.01,False,7,1,False,0.99
Q043,Liquidated Damages,"FTENETWORKS,INC_02_18_2016-EX-99.4-STRATEGIC ALLIANCE AGREEMENT","FTENETWORKS,INC_02_18_2016-EX-99.4-STRATEGIC ALLIANCE AGREEMENT::p0022","para:FTENETWORKS,INC_02_18_2016-EX-99.4-STRATEGIC ALLIANCE AGREEMENT::p0022",0.01,False,8,1,False,0.99
Q043,Liquidated Damages,"FTENETWORKS,INC_02_18_2016-EX-99.4-STRATEGIC ALLIANCE AGREEMENT","FTENETWORKS,INC_02_18_2016-EX-99.4-STRATEGIC ALLIANCE AGREEMENT::p0024","para:FTENETWORKS,INC_02_18_2016-EX-99.4-STRATEGIC ALLIANCE AGREEMENT::p0024",0.01,False,9,1,False,0.99
Q043,Liquidated Damages,"FTENETWORKS,INC_02_18_2016-EX-99.4-STRATEGIC ALLIANCE AGREEMENT","FTENETWORKS,INC_02_18_2016-EX-99.4-STRATEGIC ALLIANCE AGREEMENT::p0004","para:FTENETWORKS,INC_02_18_2016-EX-99.4-STRATEGIC ALLIANCE AGREEMENT::p0004",0.0,False,10,1,False,1.0
Q044,Insurance,CytodynInc_20200109_10-Q_EX-10.5_11941634_EX-10.5_License Agreement,CytodynInc_20200109_10-Q_EX-10.5_11941634_EX-10.5_License Agreement::p0126,para:CytodynInc_20200109_10-Q_EX-10.5_11941634_EX-10.5_License Agreement::p0126,2.98,True,1,1,False,0.98
Q044,Insurance,CytodynInc_20200109_10-Q_EX-10.5_11941634_EX-10.5_License Agreement,CytodynInc_20200109_10-Q_EX-10.5_11941634_EX-10.5_License Agreement::p0120,para:CytodynInc_20200109_10-Q_EX-10.5_11941634_EX-10.5_License Agreement::p0120,0.5,False,2,1,False,0.5
Q044,Insurance,CytodynInc_20200109_10-Q_EX-10.5_11941634_EX-10.5_License Agreement,CytodynInc_20200109_10-Q_EX-10.5_11941634_EX-10.5_License Agreement::p0125,para:CytodynInc_20200109_10-Q_EX-10.5_11941634_EX-10.5_License Agreement::p0125,0.28,False,3,1,False,0.72
Q044,Insurance,CytodynInc_20200109_10-Q_EX-10.5_11941634_EX-10.5_License Agreement,CytodynInc_20200109_10-Q_EX-10.5_11941634_EX-10.5_License Agreement::p0124,para:CytodynInc_20200109_10-Q_EX-10.5_11941634_EX-10.5_License Agreement::p0124,0.23,False,4,1,False,0.77
Q044,Insurance,CytodynInc_20200109_10-Q_EX-10.5_11941634_EX-10.5_License Agreement,CytodynInc_20200109_10-Q_EX-10.5_11941634_EX-10.5_License Agreement::p0132,para:CytodynInc_20200109_10-Q_EX-10.5_11941634_EX-10.5_License Agreement::p0132,0.02,False,5,1,False,0.98
Q044,Insurance,CytodynInc_20200109_10-Q_EX-10.5_11941634_EX-10.5_License Agreement,CytodynInc_20200109_10-Q_EX-10.5_11941634_EX-10.5_License Agreement::p0114,para:CytodynInc_20200109_10-Q_EX-10.5_11941634_EX-10.5_License Agreement::p0114,0.01,False,6,1,False,0.99
Q044,Insurance,CytodynInc_20200109_10-Q_EX-10.5_11941634_EX-10.5_License Agreement,CytodynInc_20200109_10-Q_EX-10.5_11941634_EX-10.5_License Agreement::p0117,para:CytodynInc_20200109_10-Q_EX-10.5_11941634_EX-10.5_License Agreement::p0117,0.01,False,7,1,False,0.99
Q044,Insurance,CytodynInc_20200109_10-Q_EX-10.5_11941634_EX-10.5_License Agreement,CytodynInc_20200109_10-Q_EX-10.5_11941634_EX-10.5_License Agreement::p0091,para:CytodynInc_20200109_10-Q_EX-10.5_11941634_EX-10.5_License Agreement::p0091,0.0,False,8,1,False,1.0
Q044,Insurance,CytodynInc_20200109_10-Q_EX-10.5_11941634_EX-10.5_License Agreement,CytodynInc_20200109_10-Q_EX-10.5_11941634_EX-10.5_License Agreement::p0076,para:CytodynInc_20200109_10-Q_EX-10.5_11941634_EX-10.5_License Agreement::p0076,0.0,False,9,1,False,1.0
Q044,Insurance,CytodynInc_20200109_10-Q_EX-10.5_11941634_EX-10.5_License Agreement,CytodynInc_20200109_10-Q_EX-10.5_11941634_EX-10.5_License Agreement::p0062,para:CytodynInc_20200109_10-Q_EX-10.5_11941634_EX-10.5_License Agreement::p0062,0.0,False,10,1,False,1.0
Q045,Competitive Restriction Exception,ADAMSGOLFINC_03_21_2005-EX-10.17-ENDORSEMENT AGREEMENT,ADAMSGOLFINC_03_21_2005-EX-10.17-ENDORSEMENT AGREEMENT::p0003,para:ADAMSGOLFINC_03_21_2005-EX-10.17-ENDORSEMENT AGREEMENT::p0003,2.86,False,1,5,False,0.86
Q045,Competitive Restriction Exception,ADAMSGOLFINC_03_21_2005-EX-10.17-ENDORSEMENT AGREEMENT,ADAMSGOLFINC_03_21_2005-EX-10.17-ENDORSEMENT AGREEMENT::p0002,para:ADAMSGOLFINC_03_21_2005-EX-10.17-ENDORSEMENT AGREEMENT::p0002,2.79,True,2,5,False,0.79
Q045,Competitive Restriction Exception,ADAMSGOLFINC_03_21_2005-EX-10.17-ENDORSEMENT AGREEMENT,ADAMSGOLFINC_03_21_2005-EX-10.17-ENDORSEMENT AGREEMENT::p0001,para:ADAMSGOLFINC_03_21_2005-EX-10.17-ENDORSEMENT AGREEMENT::p0001,1.61,False,3,5,False,0.0
Q045,Competitive Restriction Exception,ADAMSGOLFINC_03_21_2005-EX-10.17-ENDORSEMENT AGREEMENT,ADAMSGOLFINC_03_21_2005-EX-10.17-ENDORSEMENT AGREEMENT::p0005,para:ADAMSGOLFINC_03_21_2005-EX-10.17-ENDORSEMENT AGREEMENT::p0005,0.04,False,4,5,False,0.96
Q045,Competitive Restriction Exception,ADAMSGOLFINC_03_21_2005-EX-10.17-ENDORSEMENT AGREEMENT,ADAMSGOLFINC_03_21_2005-EX-10.17-ENDORSEMENT AGREEMENT::p0009,para:ADAMSGOLFINC_03_21_2005-EX-10.17-ENDORSEMENT AGREEMENT::p0009,0.03,False,5,5,False,0.97
Q045,Competitive Restriction Exception,ADAMSGOLFINC_03_21_2005-EX-10.17-ENDORSEMENT AGREEMENT,ADAMSGOLFINC_03_21_2005-EX-10.17-ENDORSEMENT AGREEMENT::p0010,para:ADAMSGOLFINC_03_21_2005-EX-10.17-ENDORSEMENT AGREEMENT::p0010,0.02,False,6,5,False,0.98
Q045,Competitive Restriction Exception,ADAMSGOLFINC_03_21_2005-EX-10.17-ENDORSEMENT AGREEMENT,ADAMSGOLFINC_03_21_2005-EX-10.17-ENDORSEMENT AGREEMENT::p0013,para:ADAMSGOLFINC_03_21_2005-EX-10.17-ENDORSEMENT AGREEMENT::p0013,0.02,False,7,5,False,0.98
Q045,Competitive Restriction Exception,ADAMSGOLFINC_03_21_2005-EX-10.17-ENDORSEMENT AGREEMENT,ADAMSGOLFINC_03_21_2005-EX-10.17-ENDORSEMENT AGREEMENT::p0008,para:ADAMSGOLFINC_03_21_2005-EX-10.17-ENDORSEMENT AGREEMENT::p0008,0.01,False,8,5,False,0.99
Q045,Competitive Restriction Exception,ADAMSGOLFINC_03_21_2005-EX-10.17-ENDORSEMENT AGREEMENT,ADAMSGOLFINC_03_21_2005-EX-10.17-ENDORSEMENT AGREEMENT::p0014,para:ADAMSGOLFINC_03_21_2005-EX-10.17-ENDORSEMENT AGREEMENT::p0014,0.01,False,9,5,False,0.99
Q045,Competitive Restriction Exception,ADAMSGOLFINC_03_21_2005-EX-10.17-ENDORSEMENT AGREEMENT,ADAMSGOLFINC_03_21_2005-EX-10.17-ENDORSEMENT AGREEMENT::p0016,para:ADAMSGOLFINC_03_21_2005-EX-10.17-ENDORSEMENT AGREEMENT::p0016,0.0,False,10,5,False,1.0
Q046,Non-Transferable License,RevolutionMedicinesInc_20200117_S-1_EX-10.1_11948417_EX-10.1_Development Agreement,RevolutionMedicinesInc_20200117_S-1_EX-10.1_11948417_EX-10.1_Development Agreement::p0202,para:RevolutionMedicinesInc_20200117_S-1_EX-10.1_11948417_EX-10.1_Development Agreement::p0202,2.93,True,1,39,True,0.93
Q046,Non-Transferable License,RevolutionMedicinesInc_20200117_S-1_EX-10.1_11948417_EX-10.1_Development Agreement,RevolutionMedicinesInc_20200117_S-1_EX-10.1_11948417_EX-10.1_Development Agreement::p0161,para:RevolutionMedicinesInc_20200117_S-1_EX-10.1_11948417_EX-10.1_Development Agreement::p0161,1.56,False,2,39,True,0.18
Q046,Non-Transferable License,RevolutionMedicinesInc_20200117_S-1_EX-10.1_11948417_EX-10.1_Development Agreement,RevolutionMedicinesInc_20200117_S-1_EX-10.1_11948417_EX-10.1_Development Agreement::p0140,para:RevolutionMedicinesInc_20200117_S-1_EX-10.1_11948417_EX-10.1_Development Agreement::p0140,1.1,False,3,39,True,0.41
Q046,Non-Transferable License,RevolutionMedicinesInc_20200117_S-1_EX-10.1_11948417_EX-10.1_Development Agreement,RevolutionMedicinesInc_20200117_S-1_EX-10.1_11948417_EX-10.1_Development Agreement::p0008,para:RevolutionMedicinesInc_20200117_S-1_EX-10.1_11948417_EX-10.1_Development Agreement::p0008,0.85,False,4,39,True,0.15
Q046,Non-Transferable License,RevolutionMedicinesInc_20200117_S-1_EX-10.1_11948417_EX-10.1_Development Agreement,RevolutionMedicinesInc_20200117_S-1_EX-10.1_11948417_EX-10.1_Development Agreement::p0013,para:RevolutionMedicinesInc_20200117_S-1_EX-10.1_11948417_EX-10.1_Development Agreement::p0013,0.45,False,5,39,True,0.55
Q046,Non-Transferable License,RevolutionMedicinesInc_20200117_S-1_EX-10.1_11948417_EX-10.1_Development Agreement,RevolutionMedicinesInc_20200117_S-1_EX-10.1_11948417_EX-10.1_Development Agreement::p0179,para:RevolutionMedicinesInc_20200117_S-1_EX-10.1_11948417_EX-10.1_Development Agreement::p0179,0.31,False,6,39,True,0.69
Q046,Non-Transferable License,RevolutionMedicinesInc_20200117_S-1_EX-10.1_11948417_EX-10.1_Development Agreement,RevolutionMedicinesInc_20200117_S-1_EX-10.1_11948417_EX-10.1_Development Agreement::p0066,para:RevolutionMedicinesInc_20200117_S-1_EX-10.1_11948417_EX-10.1_Development Agreement::p0066,0.3,False,7,39,True,0.7
Q046,Non-Transferable License,RevolutionMedicinesInc_20200117_S-1_EX-10.1_11948417_EX-10.1_Development Agreement,RevolutionMedicinesInc_20200117_S-1_EX-10.1_11948417_EX-10.1_Development Agreement::p0065,para:RevolutionMedicinesInc_20200117_S-1_EX-10.1_11948417_EX-10.1_Development Agreement::p0065,0.24,False,8,39,True,0.76
Q046,Non-Transferable License,RevolutionMedicinesInc_20200117_S-1_EX-10.1_11948417_EX-10.1_Development Agreement,RevolutionMedicinesInc_20200117_S-1_EX-10.1_11948417_EX-10.1_Development Agreement::p0165,para:RevolutionMedicinesInc_20200117_S-1_EX-10.1_11948417_EX-10.1_Development Agreement::p0165,0.19,False,9,39,True,0.81
Q046,Non-Transferable License,RevolutionMedicinesInc_20200117_S-1_EX-10.1_11948417_EX-10.1_Development Agreement,RevolutionMedicinesInc_20200117_S-1_EX-10.1_11948417_EX-10.1_Development Agreement::p0120,para:RevolutionMedicinesInc_20200117_S-1_EX-10.1_11948417_EX-10.1_Development Agreement::p0120,0.07,False,10,39,True,0.93
Q047,Change Of Control,FuelcellEnergyInc_20191106_8-K_EX-10.1_11868007_EX-10.1_Development Agreement,FuelcellEnergyInc_20191106_8-K_EX-10.1_11868007_EX-10.1_Development Agreement::p0044,para:FuelcellEnergyInc_20191106_8-K_EX-10.1_11868007_EX-10.1_Development Agreement::p0044,3.0,True,1,1,False,1.0
Q047,Change Of Control,FuelcellEnergyInc_20191106_8-K_EX-10.1_11868007_EX-10.1_Development Agreement,FuelcellEnergyInc_20191106_8-K_EX-10.1_11868007_EX-10.1_Development Agreement::p0070,para:FuelcellEnergyInc_20191106_8-K_EX-10.1_11868007_EX-10.1_Development Agreement::p0070,2.93,False,2,1,False,0.93
Q047,Change Of Control,FuelcellEnergyInc_20191106_8-K_EX-10.1_11868007_EX-10.1_Development Agreement,FuelcellEnergyInc_20191106_8-K_EX-10.1_11868007_EX-10.1_Development Agreement::p0053,para:FuelcellEnergyInc_20191106_8-K_EX-10.1_11868007_EX-10.1_Development Agreement::p0053,2.9,False,3,1,False,0.9
Q047,Change Of Control,FuelcellEnergyInc_20191106_8-K_EX-10.1_11868007_EX-10.1_Development Agreement,FuelcellEnergyInc_20191106_8-K_EX-10.1_11868007_EX-10.1_Development Agreement::p0071,para:FuelcellEnergyInc_20191106_8-K_EX-10.1_11868007_EX-10.1_Development Agreement::p0071,2.53,False,4,1,False,0.53
Q047,Change Of Control,FuelcellEnergyInc_20191106_8-K_EX-10.1_11868007_EX-10.1_Development Agreement,FuelcellEnergyInc_20191106_8-K_EX-10.1_11868007_EX-10.1_Development Agreement::p0049,para:FuelcellEnergyInc_20191106_8-K_EX-10.1_11868007_EX-10.1_Development Agreement::p0049,0.32,False,5,1,False,0.68
Q047,Change Of Control,FuelcellEnergyInc_20191106_8-K_EX-10.1_11868007_EX-10.1_Development Agreement,FuelcellEnergyInc_20191106_8-K_EX-10.1_11868007_EX-10.1_Development Agreement::p0047,para:FuelcellEnergyInc_20191106_8-K_EX-10.1_11868007_EX-10.1_Development Agreement::p0047,0.24,False,6,1,False,0.76
Q047,Change Of Control,FuelcellEnergyInc_20191106_8-K_EX-10.1_11868007_EX-10.1_Development Agreement,FuelcellEnergyInc_20191106_8-K_EX-10.1_11868007_EX-10.1_Development Agreement::p0069,para:FuelcellEnergyInc_20191106_8-K_EX-10.1_11868007_EX-10.1_Development Agreement::p0069,0.18,False,7,1,False,0.82
Q047,Change Of Control,FuelcellEnergyInc_20191106_8-K_EX-10.1_11868007_EX-10.1_Development Agreement,FuelcellEnergyInc_20191106_8-K_EX-10.1_11868007_EX-10.1_Development Agreement::p0057,para:FuelcellEnergyInc_20191106_8-K_EX-10.1_11868007_EX-10.1_Development Agreement::p0057,0.04,False,8,1,False,0.96
Q047,Change Of Control,FuelcellEnergyInc_20191106_8-K_EX-10.1_11868007_EX-10.1_Development Agreement,FuelcellEnergyInc_20191106_8-K_EX-10.1_11868007_EX-10.1_Development Agreement::p0003,para:FuelcellEnergyInc_20191106_8-K_EX-10.1_11868007_EX-10.1_Development Agreement::p0003,0.01,False,9,1,False,0.99
Q047,Change Of Control,FuelcellEnergyInc_20191106_8-K_EX-10.1_11868007_EX-10.1_Development Agreement,FuelcellEnergyInc_20191106_8-K_EX-10.1_11868007_EX-10.1_Development Agreement::p0054,para:FuelcellEnergyInc_20191106_8-K_EX-10.1_11868007_EX-10.1_Development Agreement::p0054,0.01,False,10,1,False,0.99
Q048,Effective Date,"TURNKEYCAPITAL,INC_07_20_2017-EX-1.1-Strategic Alliance Agreement","TURNKEYCAPITAL,INC_07_20_2017-EX-1.1-Strategic Alliance Agreement::p0000","para:TURNKEYCAPITAL,INC_07_20_2017-EX-1.1-Strategic Alliance Agreement::p0000",2.95,True,1,8,False,0.95
Q048,Effective Date,"TURNKEYCAPITAL,INC_07_20_2017-EX-1.1-Strategic Alliance Agreement","TURNKEYCAPITAL,INC_07_20_2017-EX-1.1-Strategic Alliance Agreement::p0008","para:TURNKEYCAPITAL,INC_07_20_2017-EX-1.1-Strategic Alliance Agreement::p0008",1.05,False,2,8,False,0.58
Q048,Effective Date,"TURNKEYCAPITAL,INC_07_20_2017-EX-1.1-Strategic Alliance Agreement","TURNKEYCAPITAL,INC_07_20_2017-EX-1.1-Strategic Alliance Agreement::p0001","para:TURNKEYCAPITAL,INC_07_20_2017-EX-1.1-Strategic Alliance Agreement::p0001",0.41,False,3,8,False,0.59
Q048,Effective Date,"TURNKEYCAPITAL,INC_07_20_2017-EX-1.1-Strategic Alliance Agreement","TURNKEYCAPITAL,INC_07_20_2017-EX-1.1-Strategic Alliance Agreement::p0004","para:TURNKEYCAPITAL,INC_07_20_2017-EX-1.1-Strategic Alliance Agreement::p0004",0.38,False,4,8,False,0.62
Q048,Effective Date,"TURNKEYCAPITAL,INC_07_20_2017-EX-1.1-Strategic Alliance Agreement","TURNKEYCAPITAL,INC_07_20_2017-EX-1.1-Strategic Alliance Agreement::p0005","para:TURNKEYCAPITAL,INC_07_20_2017-EX-1.1-Strategic Alliance Agreement::p0005",0.11,False,5,8,False,0.89
Q048,Effective Date,"TURNKEYCAPITAL,INC_07_20_2017-EX-1.1-Strategic Alliance Agreement","TURNKEYCAPITAL,INC_07_20_2017-EX-1.1-Strategic Alliance Agreement::p0003","para:TURNKEYCAPITAL,INC_07_20_2017-EX-1.1-Strategic Alliance Agreement::p0003",0.08,False,6,8,False,0.92
Q048,Effective Date,"TURNKEYCAPITAL,INC_07_20_2017-EX-1.1-Strategic Alliance Agreement","TURNKEYCAPITAL,INC_07_20_2017-EX-1.1-Strategic Alliance Agreement::p0002","para:TURNKEYCAPITAL,INC_07_20_2017-EX-1.1-Strategic Alliance Agreement::p0002",0.06,False,7,8,False,0.94
Q048,Effective Date,"TURNKEYCAPITAL,INC_07_20_2017-EX-1.1-Strategic Alliance Agreement","TURNKEYCAPITAL,INC_07_20_2017-EX-1.1-Strategic Alliance Agreement::p0007","para:TURNKEYCAPITAL,INC_07_20_2017-EX-1.1-Strategic Alliance Agreement::p0007",0.06,False,8,8,False,0.94
Q048,Effective Date,"TURNKEYCAPITAL,INC_07_20_2017-EX-1.1-Strategic Alliance Agreement","TURNKEYCAPITAL,INC_07_20_2017-EX-1.1-Strategic Alliance Agreement::p0006","para:TURNKEYCAPITAL,INC_07_20_2017-EX-1.1-Strategic Alliance Agreement::p0006",0.01,False,9,8,False,0.99
Q049,Exclusivity,LinkPlusCorp_20050802_8-K_EX-10_3240252_EX-10_Affiliate Agreement,LinkPlusCorp_20050802_8-K_EX-10_3240252_EX-10_Affiliate Agreement::p0007,para:LinkPlusCorp_20050802_8-K_EX-10_3240252_EX-10_Affiliate Agreement::p0007,2.75,True,1,8,False,0.75
Q049,Exclusivity,LinkPlusCorp_20050802_8-K_EX-10_3240252_EX-10_Affiliate Agreement,LinkPlusCorp_20050802_8-K_EX-10_3240252_EX-10_Affiliate Agreement::p0010,para:LinkPlusCorp_20050802_8-K_EX-10_3240252_EX-10_Affiliate Agreement::p0010,1.64,False,2,8,False,0.34
Q049,Exclusivity,LinkPlusCorp_20050802_8-K_EX-10_3240252_EX-10_Affiliate Agreement,LinkPlusCorp_20050802_8-K_EX-10_3240252_EX-10_Affiliate Agreement::p0000,para:LinkPlusCorp_20050802_8-K_EX-10_3240252_EX-10_Affiliate Agreement::p0000,0.85,False,3,8,False,0.67
Q049,Exclusivity,LinkPlusCorp_20050802_8-K_EX-10_3240252_EX-10_Affiliate Agreement,LinkPlusCorp_20050802_8-K_EX-10_3240252_EX-10_Affiliate Agreement::p0009,para:LinkPlusCorp_20050802_8-K_EX-10_3240252_EX-10_Affiliate Agreement::p0009,0.39,False,4,8,False,0.61
Q049,Exclusivity,LinkPlusCorp_20050802_8-K_EX-10_3240252_EX-10_Affiliate Agreement,LinkPlusCorp_20050802_8-K_EX-10_3240252_EX-10_Affiliate Agreement::p0014,para:LinkPlusCorp_20050802_8-K_EX-10_3240252_EX-10_Affiliate Agreement::p0014,0.27,False,5,8,False,0.73
Q049,Exclusivity,LinkPlusCorp_20050802_8-K_EX-10_3240252_EX-10_Affiliate Agreement,LinkPlusCorp_20050802_8-K_EX-10_3240252_EX-10_Affiliate Agreement::p0004,para:LinkPlusCorp_20050802_8-K_EX-10_3240252_EX-10_Affiliate Agreement::p0004,0.18,False,6,8,False,0.82
Q049,Exclusivity,LinkPlusCorp_20050802_8-K_EX-10_3240252_EX-10_Affiliate Agreement,LinkPlusCorp_20050802_8-K_EX-10_3240252_EX-10_Affiliate Agreement::p0003,para:LinkPlusCorp_20050802_8-K_EX-10_3240252_EX-10_Affiliate Agreement::p0003,0.16,False,7,8,False,0.84
Q049,Exclusivity,LinkPlusCorp_20050802_8-K_EX-10_3240252_EX-10_Affiliate Agreement,LinkPlusCorp_20050802_8-K_EX-10_3240252_EX-10_Affiliate Agreement::p0016,para:LinkPlusCorp_20050802_8-K_EX-10_3240252_EX-10_Affiliate Agreement::p0016,0.02,False,8,8,False,0.98
Q049,Exclusivity,LinkPlusCorp_20050802_8-K_EX-10_3240252_EX-10_Affiliate Agreement,LinkPlusCorp_20050802_8-K_EX-10_3240252_EX-10_Affiliate Agreement::p0001,para:LinkPlusCorp_20050802_8-K_EX-10_3240252_EX-10_Affiliate Agreement::p0001,0.01,False,9,8,False,0.99
Q049,Exclusivity,LinkPlusCorp_20050802_8-K_EX-10_3240252_EX-10_Affiliate Agreement,LinkPlusCorp_20050802_8-K_EX-10_3240252_EX-10_Affiliate Agreement::p0015,para:LinkPlusCorp_20050802_8-K_EX-10_3240252_EX-10_Affiliate Agreement::p0015,0.0,False,10,8,False,1.0
Q050,Minimum Commitment,QIWI_06_16_2017-EX-99.(D)(2)-COOPERATION AGREEMENT,QIWI_06_16_2017-EX-99.(D)(2)-COOPERATION AGREEMENT::p0008,para:QIWI_06_16_2017-EX-99.(D)(2)-COOPERATION AGREEMENT::p0008,2.48,True,1,2,False,0.48
Q050,Minimum Commitment,QIWI_06_16_2017-EX-99.(D)(2)-COOPERATION AGREEMENT,QIWI_06_16_2017-EX-99.(D)(2)-COOPERATION AGREEMENT::p0003,para:QIWI_06_16_2017-EX-99.(D)(2)-COOPERATION AGREEMENT::p0003,0.01,False,2,2,False,0.99
Q050,Minimum Commitment,QIWI_06_16_2017-EX-99.(D)(2)-COOPERATION AGREEMENT,QIWI_06_16_2017-EX-99.(D)(2)-COOPERATION AGREEMENT::p0002,para:QIWI_06_16_2017-EX-99.(D)(2)-COOPERATION AGREEMENT::p0002,0.01,False,3,2,False,0.99
Q050,Minimum Commitment,QIWI_06_16_2017-EX-99.(D)(2)-COOPERATION AGREEMENT,QIWI_06_16_2017-EX-99.(D)(2)-COOPERATION AGREEMENT::p0001,para:QIWI_06_16_2017-EX-99.(D)(2)-COOPERATION AGREEMENT::p0001,0.01,False,4,2,False,0.99
Q050,Minimum Commitment,QIWI_06_16_2017-EX-99.(D)(2)-COOPERATION AGREEMENT,QIWI_06_16_2017-EX-99.(D)(2)-COOPERATION AGREEMENT::p0012,para:QIWI_06_16_2017-EX-99.(D)(2)-COOPERATION AGREEMENT::p0012,0.0,False,5,2,False,1.0
Q050,Minimum Commitment,QIWI_06_16_2017-EX-99.(D)(2)-COOPERATION AGREEMENT,QIWI_06_16_2017-EX-99.(D)(2)-COOPERATION AGREEMENT::p0013,para:QIWI_06_16_2017-EX-99.(D)(2)-COOPERATION AGREEMENT::p0013,0.0,False,6,2,False,1.0
Q050,Minimum Commitment,QIWI_06_16_2017-EX-99.(D)(2)-COOPERATION AGREEMENT,QIWI_06_16_2017-EX-99.(D)(2)-COOPERATION AGREEMENT::p0015,para:QIWI_06_16_2017-EX-99.(D)(2)-COOPERATION AGREEMENT::p0015,0.0,False,7,2,False,1.0
Q050,Minimum Commitment,QIWI_06_16_2017-EX-99.(D)(2)-COOPERATION AGREEMENT,QIWI_06_16_2017-EX-99.(D)(2)-COOPERATION AGREEMENT::p0010,para:QIWI_06_16_2017-EX-99.(D)(2)-COOPERATION AGREEMENT::p0010,0.0,False,8,2,False,1.0
Q050,Minimum Commitment,QIWI_06_16_2017-EX-99.(D)(2)-COOPERATION AGREEMENT,QIWI_06_16_2017-EX-99.(D)(2)-COOPERATION AGREEMENT::p0009,para:QIWI_06_16_2017-EX-99.(D)(2)-COOPERATION AGREEMENT::p0009,0.0,False,9,2,False,1.0
Q050,Minimum Commitment,QIWI_06_16_2017-EX-99.(D)(2)-COOPERATION AGREEMENT,QIWI_06_16_2017-EX-99.(D)(2)-COOPERATION AGREEMENT::p0017,para:QIWI_06_16_2017-EX-99.(D)(2)-COOPERATION AGREEMENT::p0017,0.0,False,10,2,False,1.0
Q051,Renewal Term,StaarSurgicalCompany_20180801_10-Q_EX-10.37_11289449_EX-10.37_Distributor Agreement,StaarSurgicalCompany_20180801_10-Q_EX-10.37_11289449_EX-10.37_Distributor Agreement::p0005,para:StaarSurgicalCompany_20180801_10-Q_EX-10.37_11289449_EX-10.37_Distributor Agreement::p0005,2.94,True,1,1,False,0.94
Q051,Renewal Term,StaarSurgicalCompany_20180801_10-Q_EX-10.37_11289449_EX-10.37_Distributor Agreement,StaarSurgicalCompany_20180801_10-Q_EX-10.37_11289449_EX-10.37_Distributor Agreement::p0010,para:StaarSurgicalCompany_20180801_10-Q_EX-10.37_11289449_EX-10.37_Distributor Agreement::p0010,2.11,False,2,1,False,0.4
Q051,Renewal Term,StaarSurgicalCompany_20180801_10-Q_EX-10.37_11289449_EX-10.37_Distributor Agreement,StaarSurgicalCompany_20180801_10-Q_EX-10.37_11289449_EX-10.37_Distributor Agreement::p0027,para:StaarSurgicalCompany_20180801_10-Q_EX-10.37_11289449_EX-10.37_Distributor Agreement::p0027,0.63,False,3,1,False,0.55
Q051,Renewal Term,StaarSurgicalCompany_20180801_10-Q_EX-10.37_11289449_EX-10.37_Distributor Agreement,StaarSurgicalCompany_20180801_10-Q_EX-10.37_11289449_EX-10.37_Distributor Agreement::p0014,para:StaarSurgicalCompany_20180801_10-Q_EX-10.37_11289449_EX-10.37_Distributor Agreement::p0014,0.04,False,4,1,False,0.96
Q051,Renewal Term,StaarSurgicalCompany_20180801_10-Q_EX-10.37_11289449_EX-10.37_Distributor Agreement,StaarSurgicalCompany_20180801_10-Q_EX-10.37_11289449_EX-10.37_Distributor Agreement::p0003,para:StaarSurgicalCompany_20180801_10-Q_EX-10.37_11289449_EX-10.37_Distributor Agreement::p0003,0.01,False,5,1,False,0.99
Q051,Renewal Term,StaarSurgicalCompany_20180801_10-Q_EX-10.37_11289449_EX-10.37_Distributor Agreement,StaarSurgicalCompany_20180801_10-Q_EX-10.37_11289449_EX-10.37_Distributor Agreement::p0002,para:StaarSurgicalCompany_20180801_10-Q_EX-10.37_11289449_EX-10.37_Distributor Agreement::p0002,0.01,False,6,1,False,0.99
Q051,Renewal Term,StaarSurgicalCompany_20180801_10-Q_EX-10.37_11289449_EX-10.37_Distributor Agreement,StaarSurgicalCompany_20180801_10-Q_EX-10.37_11289449_EX-10.37_Distributor Agreement::p0035,para:StaarSurgicalCompany_20180801_10-Q_EX-10.37_11289449_EX-10.37_Distributor Agreement::p0035,0.0,False,7,1,False,1.0
Q051,Renewal Term,StaarSurgicalCompany_20180801_10-Q_EX-10.37_11289449_EX-10.37_Distributor Agreement,StaarSurgicalCompany_20180801_10-Q_EX-10.37_11289449_EX-10.37_Distributor Agreement::p0015,para:StaarSurgicalCompany_20180801_10-Q_EX-10.37_11289449_EX-10.37_Distributor Agreement::p0015,0.0,False,8,1,False,1.0
Q051,Renewal Term,StaarSurgicalCompany_20180801_10-Q_EX-10.37_11289449_EX-10.37_Distributor Agreement,StaarSurgicalCompany_20180801_10-Q_EX-10.37_11289449_EX-10.37_Distributor Agreement::p0021,para:StaarSurgicalCompany_20180801_10-Q_EX-10.37_11289449_EX-10.37_Distributor Agreement::p0021,0.0,False,9,1,False,1.0
Q051,Renewal Term,StaarSurgicalCompany_20180801_10-Q_EX-10.37_11289449_EX-10.37_Distributor Agreement,StaarSurgicalCompany_20180801_10-Q_EX-10.37_11289449_EX-10.37_Distributor Agreement::p0018,para:StaarSurgicalCompany_20180801_10-Q_EX-10.37_11289449_EX-10.37_Distributor Agreement::p0018,0.0,False,10,1,False,1.0
Q052,Document Name,SPARKLINGSPRINGWATERHOLDINGSLTD_07_03_2002-EX-10.13-SOFTWARE LICENSE AND MAINTENANCE AGREEMENT,SPARKLINGSPRINGWATERHOLDINGSLTD_07_03_2002-EX-10.13-SOFTWARE LICENSE AND MAINTENANCE AGREEMENT::p0000,para:SPARKLINGSPRINGWATERHOLDINGSLTD_07_03_2002-EX-10.13-SOFTWARE LICENSE AND MAINTENANCE AGREEMENT::p0000,2.97,True,1,14,True,0.97
Q052,Document Name,SPARKLINGSPRINGWATERHOLDINGSLTD_07_03_2002-EX-10.13-SOFTWARE LICENSE AND MAINTENANCE AGREEMENT,SPARKLINGSPRINGWATERHOLDINGSLTD_07_03_2002-EX-10.13-SOFTWARE LICENSE AND MAINTENANCE AGREEMENT::p0001,para:SPARKLINGSPRINGWATERHOLDINGSLTD_07_03_2002-EX-10.13-SOFTWARE LICENSE AND MAINTENANCE AGREEMENT::p0001,1.22,False,2,14,True,0.0
Q052,Document Name,SPARKLINGSPRINGWATERHOLDINGSLTD_07_03_2002-EX-10.13-SOFTWARE LICENSE AND MAINTENANCE AGREEMENT,SPARKLINGSPRINGWATERHOLDINGSLTD_07_03_2002-EX-10.13-SOFTWARE LICENSE AND MAINTENANCE AGREEMENT::p0012,para:SPARKLINGSPRINGWATERHOLDINGSLTD_07_03_2002-EX-10.13-SOFTWARE LICENSE AND MAINTENANCE AGREEMENT::p0012,1.05,False,3,14,True,0.31
Q052,Document Name,SPARKLINGSPRINGWATERHOLDINGSLTD_07_03_2002-EX-10.13-SOFTWARE LICENSE AND MAINTENANCE AGREEMENT,SPARKLINGSPRINGWATERHOLDINGSLTD_07_03_2002-EX-10.13-SOFTWARE LICENSE AND MAINTENANCE AGREEMENT::p0017,para:SPARKLINGSPRINGWATERHOLDINGSLTD_07_03_2002-EX-10.13-SOFTWARE LICENSE AND MAINTENANCE AGREEMENT::p0017,1.03,False,4,14,True,0.32
Q052,Document Name,SPARKLINGSPRINGWATERHOLDINGSLTD_07_03_2002-EX-10.13-SOFTWARE LICENSE AND MAINTENANCE AGREEMENT,SPARKLINGSPRINGWATERHOLDINGSLTD_07_03_2002-EX-10.13-SOFTWARE LICENSE AND MAINTENANCE AGREEMENT::p0011,para:SPARKLINGSPRINGWATERHOLDINGSLTD_07_03_2002-EX-10.13-SOFTWARE LICENSE AND MAINTENANCE AGREEMENT::p0011,0.98,False,5,14,True,0.02
Q052,Document Name,SPARKLINGSPRINGWATERHOLDINGSLTD_07_03_2002-EX-10.13-SOFTWARE LICENSE AND MAINTENANCE AGREEMENT,SPARKLINGSPRINGWATERHOLDINGSLTD_07_03_2002-EX-10.13-SOFTWARE LICENSE AND MAINTENANCE AGREEMENT::p0002,para:SPARKLINGSPRINGWATERHOLDINGSLTD_07_03_2002-EX-10.13-SOFTWARE LICENSE AND MAINTENANCE AGREEMENT::p0002,0.91,False,6,14,True,0.09
Q052,Document Name,SPARKLINGSPRINGWATERHOLDINGSLTD_07_03_2002-EX-10.13-SOFTWARE LICENSE AND MAINTENANCE AGREEMENT,SPARKLINGSPRINGWATERHOLDINGSLTD_07_03_2002-EX-10.13-SOFTWARE LICENSE AND MAINTENANCE AGREEMENT::p0008,para:SPARKLINGSPRINGWATERHOLDINGSLTD_07_03_2002-EX-10.13-SOFTWARE LICENSE AND MAINTENANCE AGREEMENT::p0008,0.86,False,7,14,True,0.14
Q052,Document Name,SPARKLINGSPRINGWATERHOLDINGSLTD_07_03_2002-EX-10.13-SOFTWARE LICENSE AND MAINTENANCE AGREEMENT,SPARKLINGSPRINGWATERHOLDINGSLTD_07_03_2002-EX-10.13-SOFTWARE LICENSE AND MAINTENANCE AGREEMENT::p0009,para:SPARKLINGSPRINGWATERHOLDINGSLTD_07_03_2002-EX-10.13-SOFTWARE LICENSE AND MAINTENANCE AGREEMENT::p0009,0.83,False,8,14,True,0.17
Q052,Document Name,SPARKLINGSPRINGWATERHOLDINGSLTD_07_03_2002-EX-10.13-SOFTWARE LICENSE AND MAINTENANCE AGREEMENT,SPARKLINGSPRINGWATERHOLDINGSLTD_07_03_2002-EX-10.13-SOFTWARE LICENSE AND MAINTENANCE AGREEMENT::p0003,para:SPARKLINGSPRINGWATERHOLDINGSLTD_07_03_2002-EX-10.13-SOFTWARE LICENSE AND MAINTENANCE AGREEMENT::p0003,0.74,False,9,14,True,0.26
Q052,Document Name,SPARKLINGSPRINGWATERHOLDINGSLTD_07_03_2002-EX-10.13-SOFTWARE LICENSE AND MAINTENANCE AGREEMENT,SPARKLINGSPRINGWATERHOLDINGSLTD_07_03_2002-EX-10.13-SOFTWARE LICENSE AND MAINTENANCE AGREEMENT::p0004,para:SPARKLINGSPRINGWATERHOLDINGSLTD_07_03_2002-EX-10.13-SOFTWARE LICENSE AND MAINTENANCE AGREEMENT::p0004,0.61,False,10,14,True,0.39
Q053,No-Solicit Of Employees,"VIRTUALSCOPICS,INC_11_12_2010-EX-10.1-STRATEGIC ALLIANCE AGREEMENT","VIRTUALSCOPICS,INC_11_12_2010-EX-10.1-STRATEGIC ALLIANCE AGREEMENT::p0035","para:VIRTUALSCOPICS,INC_11_12_2010-EX-10.1-STRATEGIC ALLIANCE AGREEMENT::p0035",2.93,True,1,1,False,0.93
Q053,No-Solicit Of Employees,"VIRTUALSCOPICS,INC_11_12_2010-EX-10.1-STRATEGIC ALLIANCE AGREEMENT","VIRTUALSCOPICS,INC_11_12_2010-EX-10.1-STRATEGIC ALLIANCE AGREEMENT::p0020","para:VIRTUALSCOPICS,INC_11_12_2010-EX-10.1-STRATEGIC ALLIANCE AGREEMENT::p0020",0.06,False,2,1,False,0.94
Q053,No-Solicit Of Employees,"VIRTUALSCOPICS,INC_11_12_2010-EX-10.1-STRATEGIC ALLIANCE AGREEMENT","VIRTUALSCOPICS,INC_11_12_2010-EX-10.1-STRATEGIC ALLIANCE AGREEMENT::p0019","para:VIRTUALSCOPICS,INC_11_12_2010-EX-10.1-STRATEGIC ALLIANCE AGREEMENT::p0019",0.03,False,3,1,False,0.97
Q053,No-Solicit Of Employees,"VIRTUALSCOPICS,INC_11_12_2010-EX-10.1-STRATEGIC ALLIANCE AGREEMENT","VIRTUALSCOPICS,INC_11_12_2010-EX-10.1-STRATEGIC ALLIANCE AGREEMENT::p0007","para:VIRTUALSCOPICS,INC_11_12_2010-EX-10.1-STRATEGIC ALLIANCE AGREEMENT::p0007",0.0,False,4,1,False,1.0
Q053,No-Solicit Of Employees,"VIRTUALSCOPICS,INC_11_12_2010-EX-10.1-STRATEGIC ALLIANCE AGREEMENT","VIRTUALSCOPICS,INC_11_12_2010-EX-10.1-STRATEGIC ALLIANCE AGREEMENT::p0022","para:VIRTUALSCOPICS,INC_11_12_2010-EX-10.1-STRATEGIC ALLIANCE AGREEMENT::p0022",0.0,False,5,1,False,1.0
Q053,No-Solicit Of Employees,"VIRTUALSCOPICS,INC_11_12_2010-EX-10.1-STRATEGIC ALLIANCE AGREEMENT","VIRTUALSCOPICS,INC_11_12_2010-EX-10.1-STRATEGIC ALLIANCE AGREEMENT::p0028","para:VIRTUALSCOPICS,INC_11_12_2010-EX-10.1-STRATEGIC ALLIANCE AGREEMENT::p0028",0.0,False,6,1,False,1.0
Q053,No-Solicit Of Employees,"VIRTUALSCOPICS,INC_11_12_2010-EX-10.1-STRATEGIC ALLIANCE AGREEMENT","VIRTUALSCOPICS,INC_11_12_2010-EX-10.1-STRATEGIC ALLIANCE AGREEMENT::p0023","para:VIRTUALSCOPICS,INC_11_12_2010-EX-10.1-STRATEGIC ALLIANCE AGREEMENT::p0023",0.0,False,7,1,False,1.0
Q053,No-Solicit Of Employees,"VIRTUALSCOPICS,INC_11_12_2010-EX-10.1-STRATEGIC ALLIANCE AGREEMENT","VIRTUALSCOPICS,INC_11_12_2010-EX-10.1-STRATEGIC ALLIANCE AGREEMENT::p0031","para:VIRTUALSCOPICS,INC_11_12_2010-EX-10.1-STRATEGIC ALLIANCE AGREEMENT::p0031",0.0,False,8,1,False,1.0
Q053,No-Solicit Of Employees,"VIRTUALSCOPICS,INC_11_12_2010-EX-10.1-STRATEGIC ALLIANCE AGREEMENT","VIRTUALSCOPICS,INC_11_12_2010-EX-10.1-STRATEGIC ALLIANCE AGREEMENT::p0033","para:VIRTUALSCOPICS,INC_11_12_2010-EX-10.1-STRATEGIC ALLIANCE AGREEMENT::p0033",0.0,False,9,1,False,1.0
Q053,No-Solicit Of Employees,"VIRTUALSCOPICS,INC_11_12_2010-EX-10.1-STRATEGIC ALLIANCE AGREEMENT","VIRTUALSCOPICS,INC_11_12_2010-EX-10.1-STRATEGIC ALLIANCE AGREEMENT::p0030","para:VIRTUALSCOPICS,INC_11_12_2010-EX-10.1-STRATEGIC ALLIANCE AGREEMENT::p0030",0.0,False,10,1,False,1.0
Q054,Change Of Control,AzulSa_20170303_F-1A_EX-10.3_9943903_EX-10.3_Maintenance Agreement1,AzulSa_20170303_F-1A_EX-10.3_9943903_EX-10.3_Maintenance Agreement1::p0065,para:AzulSa_20170303_F-1A_EX-10.3_9943903_EX-10.3_Maintenance Agreement1::p0065,2.96,False,1,1,False,0.96
Q054,Change Of Control,AzulSa_20170303_F-1A_EX-10.3_9943903_EX-10.3_Maintenance Agreement1,AzulSa_20170303_F-1A_EX-10.3_9943903_EX-10.3_Maintenance Agreement1::p0066,para:AzulSa_20170303_F-1A_EX-10.3_9943903_EX-10.3_Maintenance Agreement1::p0066,2.74,True,2,1,False,0.74
Q054,Change Of Control,AzulSa_20170303_F-1A_EX-10.3_9943903_EX-10.3_Maintenance Agreement1,AzulSa_20170303_F-1A_EX-10.3_9943903_EX-10.3_Maintenance Agreement1::p0052,para:AzulSa_20170303_F-1A_EX-10.3_9943903_EX-10.3_Maintenance Agreement1::p0052,0.1,False,3,1,False,0.9
Q054,Change Of Control,AzulSa_20170303_F-1A_EX-10.3_9943903_EX-10.3_Maintenance Agreement1,AzulSa_20170303_F-1A_EX-10.3_9943903_EX-10.3_Maintenance Agreement1::p0049,para:AzulSa_20170303_F-1A_EX-10.3_9943903_EX-10.3_Maintenance Agreement1::p0049,0.1,False,4,1,False,0.9
Q054,Change Of Control,AzulSa_20170303_F-1A_EX-10.3_9943903_EX-10.3_Maintenance Agreement1,AzulSa_20170303_F-1A_EX-10.3_9943903_EX-10.3_Maintenance Agreement1::p0053,para:AzulSa_20170303_F-1A_EX-10.3_9943903_EX-10.3_Maintenance Agreement1::p0053,0.05,False,5,1,False,0.95
Q054,Change Of Control,AzulSa_20170303_F-1A_EX-10.3_9943903_EX-10.3_Maintenance Agreement1,AzulSa_20170303_F-1A_EX-10.3_9943903_EX-10.3_Maintenance Agreement1::p0068,para:AzulSa_20170303_F-1A_EX-10.3_9943903_EX-10.3_Maintenance Agreement1::p0068,0.03,False,6,1,False,0.97
Q054,Change Of Control,AzulSa_20170303_F-1A_EX-10.3_9943903_EX-10.3_Maintenance Agreement1,AzulSa_20170303_F-1A_EX-10.3_9943903_EX-10.3_Maintenance Agreement1::p0069,para:AzulSa_20170303_F-1A_EX-10.3_9943903_EX-10.3_Maintenance Agreement1::p0069,0.02,False,7,1,False,0.98
Q054,Change Of Control,AzulSa_20170303_F-1A_EX-10.3_9943903_EX-10.3_Maintenance Agreement1,AzulSa_20170303_F-1A_EX-10.3_9943903_EX-10.3_Maintenance Agreement1::p0054,para:AzulSa_20170303_F-1A_EX-10.3_9943903_EX-10.3_Maintenance Agreement1::p0054,0.02,False,8,1,False,0.98
Q054,Change Of Control,AzulSa_20170303_F-1A_EX-10.3_9943903_EX-10.3_Maintenance Agreement1,AzulSa_20170303_F-1A_EX-10.3_9943903_EX-10.3_Maintenance Agreement1::p0174,para:AzulSa_20170303_F-1A_EX-10.3_9943903_EX-10.3_Maintenance Agreement1::p0174,0.02,False,9,1,False,0.98
Q054,Change Of Control,AzulSa_20170303_F-1A_EX-10.3_9943903_EX-10.3_Maintenance Agreement1,AzulSa_20170303_F-1A_EX-10.3_9943903_EX-10.3_Maintenance Agreement1::p0061,para:AzulSa_20170303_F-1A_EX-10.3_9943903_EX-10.3_Maintenance Agreement1::p0061,0.01,False,10,1,False,0.99
Q055,Parties,BIOCEPTINC_08_19_2013-EX-10-COLLABORATION AGREEMENT,BIOCEPTINC_08_19_2013-EX-10-COLLABORATION AGREEMENT::p0064,para:BIOCEPTINC_08_19_2013-EX-10-COLLABORATION AGREEMENT::p0064,2.87,True,1,9,False,0.87
Q055,Parties,BIOCEPTINC_08_19_2013-EX-10-COLLABORATION AGREEMENT,BIOCEPTINC_08_19_2013-EX-10-COLLABORATION AGREEMENT::p0037,para:BIOCEPTINC_08_19_2013-EX-10-COLLABORATION AGREEMENT::p0037,1.95,False,2,9,False,0.38
Q055,Parties,BIOCEPTINC_08_19_2013-EX-10-COLLABORATION AGREEMENT,BIOCEPTINC_08_19_2013-EX-10-COLLABORATION AGREEMENT::p0011,para:BIOCEPTINC_08_19_2013-EX-10-COLLABORATION AGREEMENT::p0011,1.93,False,3,9,False,0.34
Q055,Parties,BIOCEPTINC_08_19_2013-EX-10-COLLABORATION AGREEMENT,BIOCEPTINC_08_19_2013-EX-10-COLLABORATION AGREEMENT::p0016,para:BIOCEPTINC_08_19_2013-EX-10-COLLABORATION AGREEMENT::p0016,1.61,False,4,9,False,0.2
Q055,Parties,BIOCEPTINC_08_19_2013-EX-10-COLLABORATION AGREEMENT,BIOCEPTINC_08_19_2013-EX-10-COLLABORATION AGREEMENT::p0031,para:BIOCEPTINC_08_19_2013-EX-10-COLLABORATION AGREEMENT::p0031,1.41,False,5,9,False,0.35
Q055,Parties,BIOCEPTINC_08_19_2013-EX-10-COLLABORATION AGREEMENT,BIOCEPTINC_08_19_2013-EX-10-COLLABORATION AGREEMENT::p0001,para:BIOCEPTINC_08_19_2013-EX-10-COLLABORATION AGREEMENT::p0001,1.01,False,6,9,False,0.4
Q055,Parties,BIOCEPTINC_08_19_2013-EX-10-COLLABORATION AGREEMENT,BIOCEPTINC_08_19_2013-EX-10-COLLABORATION AGREEMENT::p0061,para:BIOCEPTINC_08_19_2013-EX-10-COLLABORATION AGREEMENT::p0061,0.84,False,7,9,False,0.42
Q055,Parties,BIOCEPTINC_08_19_2013-EX-10-COLLABORATION AGREEMENT,BIOCEPTINC_08_19_2013-EX-10-COLLABORATION AGREEMENT::p0027,para:BIOCEPTINC_08_19_2013-EX-10-COLLABORATION AGREEMENT::p0027,0.76,False,8,9,False,0.24
Q055,Parties,BIOCEPTINC_08_19_2013-EX-10-COLLABORATION AGREEMENT,BIOCEPTINC_08_19_2013-EX-10-COLLABORATION AGREEMENT::p0052,para:BIOCEPTINC_08_19_2013-EX-10-COLLABORATION AGREEMENT::p0052,0.75,False,9,9,False,0.4
Q055,Parties,BIOCEPTINC_08_19_2013-EX-10-COLLABORATION AGREEMENT,BIOCEPTINC_08_19_2013-EX-10-COLLABORATION AGREEMENT::p0032,para:BIOCEPTINC_08_19_2013-EX-10-COLLABORATION AGREEMENT::p0032,0.67,False,10,9,False,0.33
Q056,Document Name,"INTELLIGENTHIGHWAYSOLUTIONS,INC_01_18_2018-EX-10.1-Strategic Alliance Agreement","INTELLIGENTHIGHWAYSOLUTIONS,INC_01_18_2018-EX-10.1-Strategic Alliance Agreement::p0000","para:INTELLIGENTHIGHWAYSOLUTIONS,INC_01_18_2018-EX-10.1-Strategic Alliance Agreement::p0000",2.96,True,1,3,False,0.96
Q056,Document Name,"INTELLIGENTHIGHWAYSOLUTIONS,INC_01_18_2018-EX-10.1-Strategic Alliance Agreement","INTELLIGENTHIGHWAYSOLUTIONS,INC_01_18_2018-EX-10.1-Strategic Alliance Agreement::p0003","para:INTELLIGENTHIGHWAYSOLUTIONS,INC_01_18_2018-EX-10.1-Strategic Alliance Agreement::p0003",1.05,False,2,3,False,0.0
Q056,Document Name,"INTELLIGENTHIGHWAYSOLUTIONS,INC_01_18_2018-EX-10.1-Strategic Alliance Agreement","INTELLIGENTHIGHWAYSOLUTIONS,INC_01_18_2018-EX-10.1-Strategic Alliance Agreement::p0002","para:INTELLIGENTHIGHWAYSOLUTIONS,INC_01_18_2018-EX-10.1-Strategic Alliance Agreement::p0002",1.04,False,3,3,False,0.0
Q056,Document Name,"INTELLIGENTHIGHWAYSOLUTIONS,INC_01_18_2018-EX-10.1-Strategic Alliance Agreement","INTELLIGENTHIGHWAYSOLUTIONS,INC_01_18_2018-EX-10.1-Strategic Alliance Agreement::p0007","para:INTELLIGENTHIGHWAYSOLUTIONS,INC_01_18_2018-EX-10.1-Strategic Alliance Agreement::p0007",0.7,False,4,3,False,0.3
Q056,Document Name,"INTELLIGENTHIGHWAYSOLUTIONS,INC_01_18_2018-EX-10.1-Strategic Alliance Agreement","INTELLIGENTHIGHWAYSOLUTIONS,INC_01_18_2018-EX-10.1-Strategic Alliance Agreement::p0004","para:INTELLIGENTHIGHWAYSOLUTIONS,INC_01_18_2018-EX-10.1-Strategic Alliance Agreement::p0004",0.6,False,5,3,False,0.4
Q056,Document Name,"INTELLIGENTHIGHWAYSOLUTIONS,INC_01_18_2018-EX-10.1-Strategic Alliance Agreement","INTELLIGENTHIGHWAYSOLUTIONS,INC_01_18_2018-EX-10.1-Strategic Alliance Agreement::p0005","para:INTELLIGENTHIGHWAYSOLUTIONS,INC_01_18_2018-EX-10.1-Strategic Alliance Agreement::p0005",0.57,False,6,3,False,0.43
Q056,Document Name,"INTELLIGENTHIGHWAYSOLUTIONS,INC_01_18_2018-EX-10.1-Strategic Alliance Agreement","INTELLIGENTHIGHWAYSOLUTIONS,INC_01_18_2018-EX-10.1-Strategic Alliance Agreement::p0001","para:INTELLIGENTHIGHWAYSOLUTIONS,INC_01_18_2018-EX-10.1-Strategic Alliance Agreement::p0001",0.48,False,7,3,False,0.52
Q056,Document Name,"INTELLIGENTHIGHWAYSOLUTIONS,INC_01_18_2018-EX-10.1-Strategic Alliance Agreement","INTELLIGENTHIGHWAYSOLUTIONS,INC_01_18_2018-EX-10.1-Strategic Alliance Agreement::p0006","para:INTELLIGENTHIGHWAYSOLUTIONS,INC_01_18_2018-EX-10.1-Strategic Alliance Agreement::p0006",0.39,False,8,3,False,0.61
Q057,License Grant,PcquoteComInc_19990721_S-1A_EX-10.11_6377149_EX-10.11_Co-Branding Agreement1,PcquoteComInc_19990721_S-1A_EX-10.11_6377149_EX-10.11_Co-Branding Agreement1::p0001,para:PcquoteComInc_19990721_S-1A_EX-10.11_6377149_EX-10.11_Co-Branding Agreement1::p0001,2.81,True,1,11,True,0.81
Q057,License Grant,PcquoteComInc_19990721_S-1A_EX-10.11_6377149_EX-10.11_Co-Branding Agreement1,PcquoteComInc_19990721_S-1A_EX-10.11_6377149_EX-10.11_Co-Branding Agreement1::p0004,para:PcquoteComInc_19990721_S-1A_EX-10.11_6377149_EX-10.11_Co-Branding Agreement1::p0004,1.59,False,2,11,True,0.33
Q057,License Grant,PcquoteComInc_19990721_S-1A_EX-10.11_6377149_EX-10.11_Co-Branding Agreement1,PcquoteComInc_19990721_S-1A_EX-10.11_6377149_EX-10.11_Co-Branding Agreement1::p0000,para:PcquoteComInc_19990721_S-1A_EX-10.11_6377149_EX-10.11_Co-Branding Agreement1::p0000,1.13,False,3,11,True,0.53
Q057,License Grant,PcquoteComInc_19990721_S-1A_EX-10.11_6377149_EX-10.11_Co-Branding Agreement1,PcquoteComInc_19990721_S-1A_EX-10.11_6377149_EX-10.11_Co-Branding Agreement1::p0002,para:PcquoteComInc_19990721_S-1A_EX-10.11_6377149_EX-10.11_Co-Branding Agreement1::p0002,0.79,False,4,11,True,0.52
Q057,License Grant,PcquoteComInc_19990721_S-1A_EX-10.11_6377149_EX-10.11_Co-Branding Agreement1,PcquoteComInc_19990721_S-1A_EX-10.11_6377149_EX-10.11_Co-Branding Agreement1::p0006,para:PcquoteComInc_19990721_S-1A_EX-10.11_6377149_EX-10.11_Co-Branding Agreement1::p0006,0.68,False,5,11,True,0.49
Q057,License Grant,PcquoteComInc_19990721_S-1A_EX-10.11_6377149_EX-10.11_Co-Branding Agreement1,PcquoteComInc_19990721_S-1A_EX-10.11_6377149_EX-10.11_Co-Branding Agreement1::p0008,para:PcquoteComInc_19990721_S-1A_EX-10.11_6377149_EX-10.11_Co-Branding Agreement1::p0008,0.68,False,6,11,True,0.53
Q057,License Grant,PcquoteComInc_19990721_S-1A_EX-10.11_6377149_EX-10.11_Co-Branding Agreement1,PcquoteComInc_19990721_S-1A_EX-10.11_6377149_EX-10.11_Co-Branding Agreement1::p0013,para:PcquoteComInc_19990721_S-1A_EX-10.11_6377149_EX-10.11_Co-Branding Agreement1::p0013,0.37,False,7,11,True,0.63
Q057,License Grant,PcquoteComInc_19990721_S-1A_EX-10.11_6377149_EX-10.11_Co-Branding Agreement1,PcquoteComInc_19990721_S-1A_EX-10.11_6377149_EX-10.11_Co-Branding Agreement1::p0009,para:PcquoteComInc_19990721_S-1A_EX-10.11_6377149_EX-10.11_Co-Branding Agreement1::p0009,0.32,False,8,11,True,0.68
Q057,License Grant,PcquoteComInc_19990721_S-1A_EX-10.11_6377149_EX-10.11_Co-Branding Agreement1,PcquoteComInc_19990721_S-1A_EX-10.11_6377149_EX-10.11_Co-Branding Agreement1::p0010,para:PcquoteComInc_19990721_S-1A_EX-10.11_6377149_EX-10.11_Co-Branding Agreement1::p0010,0.09,False,9,11,True,0.91
Q057,License Grant,PcquoteComInc_19990721_S-1A_EX-10.11_6377149_EX-10.11_Co-Branding Agreement1,PcquoteComInc_19990721_S-1A_EX-10.11_6377149_EX-10.11_Co-Branding Agreement1::p0012,para:PcquoteComInc_19990721_S-1A_EX-10.11_6377149_EX-10.11_Co-Branding Agreement1::p0012,0.05,False,10,11,True,0.95
Q058,Anti-Assignment,HOLIDAYRVSUPERSTORESINC_04_15_2002-EX-10.13-ENDORSEMENT AGREEMENT,HOLIDAYRVSUPERSTORESINC_04_15_2002-EX-10.13-ENDORSEMENT AGREEMENT::p0007,para:HOLIDAYRVSUPERSTORESINC_04_15_2002-EX-10.13-ENDORSEMENT AGREEMENT::p0007,3.0,True,1,1,False,1.0
Q058,Anti-Assignment,HOLIDAYRVSUPERSTORESINC_04_15_2002-EX-10.13-ENDORSEMENT AGREEMENT,HOLIDAYRVSUPERSTORESINC_04_15_2002-EX-10.13-ENDORSEMENT AGREEMENT::p0000,para:HOLIDAYRVSUPERSTORESINC_04_15_2002-EX-10.13-ENDORSEMENT AGREEMENT::p0000,0.19,False,2,1,False,0.81
Q058,Anti-Assignment,HOLIDAYRVSUPERSTORESINC_04_15_2002-EX-10.13-ENDORSEMENT AGREEMENT,HOLIDAYRVSUPERSTORESINC_04_15_2002-EX-10.13-ENDORSEMENT AGREEMENT::p0001,para:HOLIDAYRVSUPERSTORESINC_04_15_2002-EX-10.13-ENDORSEMENT AGREEMENT::p0001,0.05,False,3,1,False,0.95
Q058,Anti-Assignment,HOLIDAYRVSUPERSTORESINC_04_15_2002-EX-10.13-ENDORSEMENT AGREEMENT,HOLIDAYRVSUPERSTORESINC_04_15_2002-EX-10.13-ENDORSEMENT AGREEMENT::p0003,para:HOLIDAYRVSUPERSTORESINC_04_15_2002-EX-10.13-ENDORSEMENT AGREEMENT::p0003,0.04,False,4,1,False,0.96
Q058,Anti-Assignment,HOLIDAYRVSUPERSTORESINC_04_15_2002-EX-10.13-ENDORSEMENT AGREEMENT,HOLIDAYRVSUPERSTORESINC_04_15_2002-EX-10.13-ENDORSEMENT AGREEMENT::p0009,para:HOLIDAYRVSUPERSTORESINC_04_15_2002-EX-10.13-ENDORSEMENT AGREEMENT::p0009,0.04,False,5,1,False,0.96
Q058,Anti-Assignment,HOLIDAYRVSUPERSTORESINC_04_15_2002-EX-10.13-ENDORSEMENT AGREEMENT,HOLIDAYRVSUPERSTORESINC_04_15_2002-EX-10.13-ENDORSEMENT AGREEMENT::p0002,para:HOLIDAYRVSUPERSTORESINC_04_15_2002-EX-10.13-ENDORSEMENT AGREEMENT::p0002,0.04,False,6,1,False,0.96
Q058,Anti-Assignment,HOLIDAYRVSUPERSTORESINC_04_15_2002-EX-10.13-ENDORSEMENT AGREEMENT,HOLIDAYRVSUPERSTORESINC_04_15_2002-EX-10.13-ENDORSEMENT AGREEMENT::p0006,para:HOLIDAYRVSUPERSTORESINC_04_15_2002-EX-10.13-ENDORSEMENT AGREEMENT::p0006,0.02,False,7,1,False,0.98
Q058,Anti-Assignment,HOLIDAYRVSUPERSTORESINC_04_15_2002-EX-10.13-ENDORSEMENT AGREEMENT,HOLIDAYRVSUPERSTORESINC_04_15_2002-EX-10.13-ENDORSEMENT AGREEMENT::p0005,para:HOLIDAYRVSUPERSTORESINC_04_15_2002-EX-10.13-ENDORSEMENT AGREEMENT::p0005,0.02,False,8,1,False,0.98
Q058,Anti-Assignment,HOLIDAYRVSUPERSTORESINC_04_15_2002-EX-10.13-ENDORSEMENT AGREEMENT,HOLIDAYRVSUPERSTORESINC_04_15_2002-EX-10.13-ENDORSEMENT AGREEMENT::p0004,para:HOLIDAYRVSUPERSTORESINC_04_15_2002-EX-10.13-ENDORSEMENT AGREEMENT::p0004,0.01,False,9,1,False,0.99
Q058,Anti-Assignment,HOLIDAYRVSUPERSTORESINC_04_15_2002-EX-10.13-ENDORSEMENT AGREEMENT,HOLIDAYRVSUPERSTORESINC_04_15_2002-EX-10.13-ENDORSEMENT AGREEMENT::p0008,para:HOLIDAYRVSUPERSTORESINC_04_15_2002-EX-10.13-ENDORSEMENT AGREEMENT::p0008,0.0,False,10,1,False,1.0
Q059,Warranty Duration,ScansourceInc_20190822_10-K_EX-10.38_11793958_EX-10.38_Distributor Agreement2,ScansourceInc_20190822_10-K_EX-10.38_11793958_EX-10.38_Distributor Agreement2::p0006,para:ScansourceInc_20190822_10-K_EX-10.38_11793958_EX-10.38_Distributor Agreement2::p0006,2.99,True,1,2,False,0.99
Q059,Warranty Duration,ScansourceInc_20190822_10-K_EX-10.38_11793958_EX-10.38_Distributor Agreement2,ScansourceInc_20190822_10-K_EX-10.38_11793958_EX-10.38_Distributor Agreement2::p0008,para:ScansourceInc_20190822_10-K_EX-10.38_11793958_EX-10.38_Distributor Agreement2::p0008,1.84,False,2,2,False,0.32
Q059,Warranty Duration,ScansourceInc_20190822_10-K_EX-10.38_11793958_EX-10.38_Distributor Agreement2,ScansourceInc_20190822_10-K_EX-10.38_11793958_EX-10.38_Distributor Agreement2::p0007,para:ScansourceInc_20190822_10-K_EX-10.38_11793958_EX-10.38_Distributor Agreement2::p0007,0.96,False,3,2,False,0.4
Q059,Warranty Duration,ScansourceInc_20190822_10-K_EX-10.38_11793958_EX-10.38_Distributor Agreement2,ScansourceInc_20190822_10-K_EX-10.38_11793958_EX-10.38_Distributor Agreement2::p0009,para:ScansourceInc_20190822_10-K_EX-10.38_11793958_EX-10.38_Distributor Agreement2::p0009,0.31,False,4,2,False,0.69
Q059,Warranty Duration,ScansourceInc_20190822_10-K_EX-10.38_11793958_EX-10.38_Distributor Agreement2,ScansourceInc_20190822_10-K_EX-10.38_11793958_EX-10.38_Distributor Agreement2::p0010,para:ScansourceInc_20190822_10-K_EX-10.38_11793958_EX-10.38_Distributor Agreement2::p0010,0.08,False,5,2,False,0.92
Q059,Warranty Duration,ScansourceInc_20190822_10-K_EX-10.38_11793958_EX-10.38_Distributor Agreement2,ScansourceInc_20190822_10-K_EX-10.38_11793958_EX-10.38_Distributor Agreement2::p0000,para:ScansourceInc_20190822_10-K_EX-10.38_11793958_EX-10.38_Distributor Agreement2::p0000,0.07,False,6,2,False,0.93
Q059,Warranty Duration,ScansourceInc_20190822_10-K_EX-10.38_11793958_EX-10.38_Distributor Agreement2,ScansourceInc_20190822_10-K_EX-10.38_11793958_EX-10.38_Distributor Agreement2::p0002,para:ScansourceInc_20190822_10-K_EX-10.38_11793958_EX-10.38_Distributor Agreement2::p0002,0.03,False,7,2,False,0.97
Q059,Warranty Duration,ScansourceInc_20190822_10-K_EX-10.38_11793958_EX-10.38_Distributor Agreement2,ScansourceInc_20190822_10-K_EX-10.38_11793958_EX-10.38_Distributor Agreement2::p0003,para:ScansourceInc_20190822_10-K_EX-10.38_11793958_EX-10.38_Distributor Agreement2::p0003,0.02,False,8,2,False,0.98
Q059,Warranty Duration,ScansourceInc_20190822_10-K_EX-10.38_11793958_EX-10.38_Distributor Agreement2,ScansourceInc_20190822_10-K_EX-10.38_11793958_EX-10.38_Distributor Agreement2::p0001,para:ScansourceInc_20190822_10-K_EX-10.38_11793958_EX-10.38_Distributor Agreement2::p0001,0.01,False,9,2,False,0.99
Q059,Warranty Duration,ScansourceInc_20190822_10-K_EX-10.38_11793958_EX-10.38_Distributor Agreement2,ScansourceInc_20190822_10-K_EX-10.38_11793958_EX-10.38_Distributor Agreement2::p0004,para:ScansourceInc_20190822_10-K_EX-10.38_11793958_EX-10.38_Distributor Agreement2::p0004,0.0,False,10,2,False,1.0
Q060,Affiliate License-Licensee,ArconicRolledProductsCorp_20191217_10-12B_EX-2.7_11923804_EX-2.7_Trademark License Agreement,ArconicRolledProductsCorp_20191217_10-12B_EX-2.7_11923804_EX-2.7_Trademark License Agreement::p0002,para:ArconicRolledProductsCorp_20191217_10-12B_EX-2.7_11923804_EX-2.7_Trademark License Agreement::p0002,2.96,True,1,1,False,0.96
Q060,Affiliate License-Licensee,ArconicRolledProductsCorp_20191217_10-12B_EX-2.7_11923804_EX-2.7_Trademark License Agreement,ArconicRolledProductsCorp_20191217_10-12B_EX-2.7_11923804_EX-2.7_Trademark License Agreement::p0000,para:ArconicRolledProductsCorp_20191217_10-12B_EX-2.7_11923804_EX-2.7_Trademark License Agreement::p0000,1.87,False,2,1,False,0.45
Q060,Affiliate License-Licensee,ArconicRolledProductsCorp_20191217_10-12B_EX-2.7_11923804_EX-2.7_Trademark License Agreement,ArconicRolledProductsCorp_20191217_10-12B_EX-2.7_11923804_EX-2.7_Trademark License Agreement::p0013,para:ArconicRolledProductsCorp_20191217_10-12B_EX-2.7_11923804_EX-2.7_Trademark License Agreement::p0013,1.84,False,3,1,False,0.33
Q060,Affiliate License-Licensee,ArconicRolledProductsCorp_20191217_10-12B_EX-2.7_11923804_EX-2.7_Trademark License Agreement,ArconicRolledProductsCorp_20191217_10-12B_EX-2.7_11923804_EX-2.7_Trademark License Agreement::p0003,para:ArconicRolledProductsCorp_20191217_10-12B_EX-2.7_11923804_EX-2.7_Trademark License Agreement::p0003,1.73,False,4,1,False,0.44
Q060,Affiliate License-Licensee,ArconicRolledProductsCorp_20191217_10-12B_EX-2.7_11923804_EX-2.7_Trademark License Agreement,ArconicRolledProductsCorp_20191217_10-12B_EX-2.7_11923804_EX-2.7_Trademark License Agreement::p0004,para:ArconicRolledProductsCorp_20191217_10-12B_EX-2.7_11923804_EX-2.7_Trademark License Agreement::p0004,1.66,False,5,1,False,0.37
Q060,Affiliate License-Licensee,ArconicRolledProductsCorp_20191217_10-12B_EX-2.7_11923804_EX-2.7_Trademark License Agreement,ArconicRolledProductsCorp_20191217_10-12B_EX-2.7_11923804_EX-2.7_Trademark License Agreement::p0005,para:ArconicRolledProductsCorp_20191217_10-12B_EX-2.7_11923804_EX-2.7_Trademark License Agreement::p0005,1.62,False,6,1,False,0.39
Q060,Affiliate License-Licensee,ArconicRolledProductsCorp_20191217_10-12B_EX-2.7_11923804_EX-2.7_Trademark License Agreement,ArconicRolledProductsCorp_20191217_10-12B_EX-2.7_11923804_EX-2.7_Trademark License Agreement::p0006,para:ArconicRolledProductsCorp_20191217_10-12B_EX-2.7_11923804_EX-2.7_Trademark License Agreement::p0006,1.5,False,7,1,False,0.37
Q060,Affiliate License-Licensee,ArconicRolledProductsCorp_20191217_10-12B_EX-2.7_11923804_EX-2.7_Trademark License Agreement,ArconicRolledProductsCorp_20191217_10-12B_EX-2.7_11923804_EX-2.7_Trademark License Agreement::p0008,para:ArconicRolledProductsCorp_20191217_10-12B_EX-2.7_11923804_EX-2.7_Trademark License Agreement::p0008,1.42,False,8,1,False,0.5
Q060,Affiliate License-Licensee,ArconicRolledProductsCorp_20191217_10-12B_EX-2.7_11923804_EX-2.7_Trademark License Agreement,ArconicRolledProductsCorp_20191217_10-12B_EX-2.7_11923804_EX-2.7_Trademark License Agreement::p0007,para:ArconicRolledProductsCorp_20191217_10-12B_EX-2.7_11923804_EX-2.7_Trademark License Agreement::p0007,1.17,False,9,1,False,0.56
Q060,Affiliate License-Licensee,ArconicRolledProductsCorp_20191217_10-12B_EX-2.7_11923804_EX-2.7_Trademark License Agreement,ArconicRolledProductsCorp_20191217_10-12B_EX-2.7_11923804_EX-2.7_Trademark License Agreement::p0012,para:ArconicRolledProductsCorp_20191217_10-12B_EX-2.7_11923804_EX-2.7_Trademark License Agreement::p0012,0.92,False,10,1,False,0.56
Q061,Cap On Liability,WELLSFARGOMORTGAGEBACKEDSECURITIES2006-6TRUST_05_11_2006-EX-10.3-Yield Maintenance Agreement,WELLSFARGOMORTGAGEBACKEDSECURITIES2006-6TRUST_05_11_2006-EX-10.3-Yield Maintenance Agreement::p0010,para:WELLSFARGOMORTGAGEBACKEDSECURITIES2006-6TRUST_05_11_2006-EX-10.3-Yield Maintenance Agreement::p0010,2.58,True,1,23,True,0.58
Q061,Cap On Liability,WELLSFARGOMORTGAGEBACKEDSECURITIES2006-6TRUST_05_11_2006-EX-10.3-Yield Maintenance Agreement,WELLSFARGOMORTGAGEBACKEDSECURITIES2006-6TRUST_05_11_2006-EX-10.3-Yield Maintenance Agreement::p0028,para:WELLSFARGOMORTGAGEBACKEDSECURITIES2006-6TRUST_05_11_2006-EX-10.3-Yield Maintenance Agreement::p0028,1.74,False,2,23,True,0.0
Q061,Cap On Liability,WELLSFARGOMORTGAGEBACKEDSECURITIES2006-6TRUST_05_11_2006-EX-10.3-Yield Maintenance Agreement,WELLSFARGOMORTGAGEBACKEDSECURITIES2006-6TRUST_05_11_2006-EX-10.3-Yield Maintenance Agreement::p0009,para:WELLSFARGOMORTGAGEBACKEDSECURITIES2006-6TRUST_05_11_2006-EX-10.3-Yield Maintenance Agreement::p0009,0.53,False,3,23,True,0.47
Q061,Cap On Liability,WELLSFARGOMORTGAGEBACKEDSECURITIES2006-6TRUST_05_11_2006-EX-10.3-Yield Maintenance Agreement,WELLSFARGOMORTGAGEBACKEDSECURITIES2006-6TRUST_05_11_2006-EX-10.3-Yield Maintenance Agreement::p0002,para:WELLSFARGOMORTGAGEBACKEDSECURITIES2006-6TRUST_05_11_2006-EX-10.3-Yield Maintenance Agreement::p0002,0.15,False,4,23,True,0.85
Q061,Cap On Liability,WELLSFARGOMORTGAGEBACKEDSECURITIES2006-6TRUST_05_11_2006-EX-10.3-Yield Maintenance Agreement,WELLSFARGOMORTGAGEBACKEDSECURITIES2006-6TRUST_05_11_2006-EX-10.3-Yield Maintenance Agreement::p0018,para:WELLSFARGOMORTGAGEBACKEDSECURITIES2006-6TRUST_05_11_2006-EX-10.3-Yield Maintenance Agreement::p0018,0.05,False,5,23,True,0.95
Q061,Cap On Liability,WELLSFARGOMORTGAGEBACKEDSECURITIES2006-6TRUST_05_11_2006-EX-10.3-Yield Maintenance Agreement,WELLSFARGOMORTGAGEBACKEDSECURITIES2006-6TRUST_05_11_2006-EX-10.3-Yield Maintenance Agreement::p0030,para:WELLSFARGOMORTGAGEBACKEDSECURITIES2006-6TRUST_05_11_2006-EX-10.3-Yield Maintenance Agreement::p0030,0.04,False,6,23,True,0.96
Q061,Cap On Liability,WELLSFARGOMORTGAGEBACKEDSECURITIES2006-6TRUST_05_11_2006-EX-10.3-Yield Maintenance Agreement,WELLSFARGOMORTGAGEBACKEDSECURITIES2006-6TRUST_05_11_2006-EX-10.3-Yield Maintenance Agreement::p0019,para:WELLSFARGOMORTGAGEBACKEDSECURITIES2006-6TRUST_05_11_2006-EX-10.3-Yield Maintenance Agreement::p0019,0.04,False,7,23,True,0.96
Q061,Cap On Liability,WELLSFARGOMORTGAGEBACKEDSECURITIES2006-6TRUST_05_11_2006-EX-10.3-Yield Maintenance Agreement,WELLSFARGOMORTGAGEBACKEDSECURITIES2006-6TRUST_05_11_2006-EX-10.3-Yield Maintenance Agreement::p0021,para:WELLSFARGOMORTGAGEBACKEDSECURITIES2006-6TRUST_05_11_2006-EX-10.3-Yield Maintenance Agreement::p0021,0.03,False,8,23,True,0.97
Q061,Cap On Liability,WELLSFARGOMORTGAGEBACKEDSECURITIES2006-6TRUST_05_11_2006-EX-10.3-Yield Maintenance Agreement,WELLSFARGOMORTGAGEBACKEDSECURITIES2006-6TRUST_05_11_2006-EX-10.3-Yield Maintenance Agreement::p0022,para:WELLSFARGOMORTGAGEBACKEDSECURITIES2006-6TRUST_05_11_2006-EX-10.3-Yield Maintenance Agreement::p0022,0.01,False,9,23,True,0.99
Q061,Cap On Liability,WELLSFARGOMORTGAGEBACKEDSECURITIES2006-6TRUST_05_11_2006-EX-10.3-Yield Maintenance Agreement,WELLSFARGOMORTGAGEBACKEDSECURITIES2006-6TRUST_05_11_2006-EX-10.3-Yield Maintenance Agreement::p0011,para:WELLSFARGOMORTGAGEBACKEDSECURITIES2006-6TRUST_05_11_2006-EX-10.3-Yield Maintenance Agreement::p0011,0.01,False,10,23,True,0.99
Q062,Parties,"INNOVIVA,INC_08_07_2014-EX-10.1-COLLABORATION AGREEMENT","INNOVIVA,INC_08_07_2014-EX-10.1-COLLABORATION AGREEMENT::p0007","para:INNOVIVA,INC_08_07_2014-EX-10.1-COLLABORATION AGREEMENT::p0007",2.99,True,1,93,True,0.99
Q062,Parties,"INNOVIVA,INC_08_07_2014-EX-10.1-COLLABORATION AGREEMENT","INNOVIVA,INC_08_07_2014-EX-10.1-COLLABORATION AGREEMENT::p0050","para:INNOVIVA,INC_08_07_2014-EX-10.1-COLLABORATION AGREEMENT::p0050",2.52,False,2,93,True,0.52
Q062,Parties,"INNOVIVA,INC_08_07_2014-EX-10.1-COLLABORATION AGREEMENT","INNOVIVA,INC_08_07_2014-EX-10.1-COLLABORATION AGREEMENT::p0067","para:INNOVIVA,INC_08_07_2014-EX-10.1-COLLABORATION AGREEMENT::p0067",2.38,False,3,93,True,0.38
Q062,Parties,"INNOVIVA,INC_08_07_2014-EX-10.1-COLLABORATION AGREEMENT","INNOVIVA,INC_08_07_2014-EX-10.1-COLLABORATION AGREEMENT::p0044","para:INNOVIVA,INC_08_07_2014-EX-10.1-COLLABORATION AGREEMENT::p0044",2.26,False,4,93,True,0.26
Q062,Parties,"INNOVIVA,INC_08_07_2014-EX-10.1-COLLABORATION AGREEMENT","INNOVIVA,INC_08_07_2014-EX-10.1-COLLABORATION AGREEMENT::p0115","para:INNOVIVA,INC_08_07_2014-EX-10.1-COLLABORATION AGREEMENT::p0115",2.11,False,5,93,True,0.11
Q062,Parties,"INNOVIVA,INC_08_07_2014-EX-10.1-COLLABORATION AGREEMENT","INNOVIVA,INC_08_07_2014-EX-10.1-COLLABORATION AGREEMENT::p0153","para:INNOVIVA,INC_08_07_2014-EX-10.1-COLLABORATION AGREEMENT::p0153",1.76,False,6,93,True,0.35
Q062,Parties,"INNOVIVA,INC_08_07_2014-EX-10.1-COLLABORATION AGREEMENT","INNOVIVA,INC_08_07_2014-EX-10.1-COLLABORATION AGREEMENT::p0043","para:INNOVIVA,INC_08_07_2014-EX-10.1-COLLABORATION AGREEMENT::p0043",1.54,False,7,93,True,0.27
Q062,Parties,"INNOVIVA,INC_08_07_2014-EX-10.1-COLLABORATION AGREEMENT","INNOVIVA,INC_08_07_2014-EX-10.1-COLLABORATION AGREEMENT::p0015","para:INNOVIVA,INC_08_07_2014-EX-10.1-COLLABORATION AGREEMENT::p0015",1.07,False,8,93,True,0.45
Q062,Parties,"INNOVIVA,INC_08_07_2014-EX-10.1-COLLABORATION AGREEMENT","INNOVIVA,INC_08_07_2014-EX-10.1-COLLABORATION AGREEMENT::p0091","para:INNOVIVA,INC_08_07_2014-EX-10.1-COLLABORATION AGREEMENT::p0091",0.83,False,9,93,True,0.36
Q062,Parties,"INNOVIVA,INC_08_07_2014-EX-10.1-COLLABORATION AGREEMENT","INNOVIVA,INC_08_07_2014-EX-10.1-COLLABORATION AGREEMENT::p0054","para:INNOVIVA,INC_08_07_2014-EX-10.1-COLLABORATION AGREEMENT::p0054",0.63,False,10,93,True,0.37
Q063,Renewal Term,ArcaUsTreasuryFund_20200207_N-2_EX-99.K5_11971930_EX-99.K5_Development Agreement,ArcaUsTreasuryFund_20200207_N-2_EX-99.K5_11971930_EX-99.K5_Development Agreement::p0011,para:ArcaUsTreasuryFund_20200207_N-2_EX-99.K5_11971930_EX-99.K5_Development Agreement::p0011,3.0,True,1,1,False,1.0
Q063,Renewal Term,ArcaUsTreasuryFund_20200207_N-2_EX-99.K5_11971930_EX-99.K5_Development Agreement,ArcaUsTreasuryFund_20200207_N-2_EX-99.K5_11971930_EX-99.K5_Development Agreement::p0010,para:ArcaUsTreasuryFund_20200207_N-2_EX-99.K5_11971930_EX-99.K5_Development Agreement::p0010,0.14,False,2,1,False,0.86
Q063,Renewal Term,ArcaUsTreasuryFund_20200207_N-2_EX-99.K5_11971930_EX-99.K5_Development Agreement,ArcaUsTreasuryFund_20200207_N-2_EX-99.K5_11971930_EX-99.K5_Development Agreement::p0001,para:ArcaUsTreasuryFund_20200207_N-2_EX-99.K5_11971930_EX-99.K5_Development Agreement::p0001,0.08,False,3,1,False,0.92
Q063,Renewal Term,ArcaUsTreasuryFund_20200207_N-2_EX-99.K5_11971930_EX-99.K5_Development Agreement,ArcaUsTreasuryFund_20200207_N-2_EX-99.K5_11971930_EX-99.K5_Development Agreement::p0009,para:ArcaUsTreasuryFund_20200207_N-2_EX-99.K5_11971930_EX-99.K5_Development Agreement::p0009,0.06,False,4,1,False,0.94
Q063,Renewal Term,ArcaUsTreasuryFund_20200207_N-2_EX-99.K5_11971930_EX-99.K5_Development Agreement,ArcaUsTreasuryFund_20200207_N-2_EX-99.K5_11971930_EX-99.K5_Development Agreement::p0000,para:ArcaUsTreasuryFund_20200207_N-2_EX-99.K5_11971930_EX-99.K5_Development Agreement::p0000,0.03,False,5,1,False,0.97
Q063,Renewal Term,ArcaUsTreasuryFund_20200207_N-2_EX-99.K5_11971930_EX-99.K5_Development Agreement,ArcaUsTreasuryFund_20200207_N-2_EX-99.K5_11971930_EX-99.K5_Development Agreement::p0004,para:ArcaUsTreasuryFund_20200207_N-2_EX-99.K5_11971930_EX-99.K5_Development Agreement::p0004,0.01,False,6,1,False,0.99
Q063,Renewal Term,ArcaUsTreasuryFund_20200207_N-2_EX-99.K5_11971930_EX-99.K5_Development Agreement,ArcaUsTreasuryFund_20200207_N-2_EX-99.K5_11971930_EX-99.K5_Development Agreement::p0005,para:ArcaUsTreasuryFund_20200207_N-2_EX-99.K5_11971930_EX-99.K5_Development Agreement::p0005,0.0,False,7,1,False,1.0
Q063,Renewal Term,ArcaUsTreasuryFund_20200207_N-2_EX-99.K5_11971930_EX-99.K5_Development Agreement,ArcaUsTreasuryFund_20200207_N-2_EX-99.K5_11971930_EX-99.K5_Development Agreement::p0008,para:ArcaUsTreasuryFund_20200207_N-2_EX-99.K5_11971930_EX-99.K5_Development Agreement::p0008,0.0,False,8,1,False,1.0
Q063,Renewal Term,ArcaUsTreasuryFund_20200207_N-2_EX-99.K5_11971930_EX-99.K5_Development Agreement,ArcaUsTreasuryFund_20200207_N-2_EX-99.K5_11971930_EX-99.K5_Development Agreement::p0003,para:ArcaUsTreasuryFund_20200207_N-2_EX-99.K5_11971930_EX-99.K5_Development Agreement::p0003,0.0,False,9,1,False,1.0
Q063,Renewal Term,ArcaUsTreasuryFund_20200207_N-2_EX-99.K5_11971930_EX-99.K5_Development Agreement,ArcaUsTreasuryFund_20200207_N-2_EX-99.K5_11971930_EX-99.K5_Development Agreement::p0002,para:ArcaUsTreasuryFund_20200207_N-2_EX-99.K5_11971930_EX-99.K5_Development Agreement::p0002,0.0,False,10,1,False,1.0
Q064,Termination For Convenience,STARTECGLOBALCOMMUNICATIONSCORP_11_16_1998-EX-10.30-CONSTRUCTION AND MAINTENANCE AGREEMENT,STARTECGLOBALCOMMUNICATIONSCORP_11_16_1998-EX-10.30-CONSTRUCTION AND MAINTENANCE AGREEMENT::p0068,para:STARTECGLOBALCOMMUNICATIONSCORP_11_16_1998-EX-10.30-CONSTRUCTION AND MAINTENANCE AGREEMENT::p0068,2.57,True,1,1,False,0.57
Q064,Termination For Convenience,STARTECGLOBALCOMMUNICATIONSCORP_11_16_1998-EX-10.30-CONSTRUCTION AND MAINTENANCE AGREEMENT,STARTECGLOBALCOMMUNICATIONSCORP_11_16_1998-EX-10.30-CONSTRUCTION AND MAINTENANCE AGREEMENT::p0070,para:STARTECGLOBALCOMMUNICATIONSCORP_11_16_1998-EX-10.30-CONSTRUCTION AND MAINTENANCE AGREEMENT::p0070,1.75,False,2,1,False,0.3
Q064,Termination For Convenience,STARTECGLOBALCOMMUNICATIONSCORP_11_16_1998-EX-10.30-CONSTRUCTION AND MAINTENANCE AGREEMENT,STARTECGLOBALCOMMUNICATIONSCORP_11_16_1998-EX-10.30-CONSTRUCTION AND MAINTENANCE AGREEMENT::p0077,para:STARTECGLOBALCOMMUNICATIONSCORP_11_16_1998-EX-10.30-CONSTRUCTION AND MAINTENANCE AGREEMENT::p0077,1.28,False,3,1,False,0.52
Q064,Termination For Convenience,STARTECGLOBALCOMMUNICATIONSCORP_11_16_1998-EX-10.30-CONSTRUCTION AND MAINTENANCE AGREEMENT,STARTECGLOBALCOMMUNICATIONSCORP_11_16_1998-EX-10.30-CONSTRUCTION AND MAINTENANCE AGREEMENT::p0062,para:STARTECGLOBALCOMMUNICATIONSCORP_11_16_1998-EX-10.30-CONSTRUCTION AND MAINTENANCE AGREEMENT::p0062,0.3,False,4,1,False,0.7
Q064,Termination For Convenience,STARTECGLOBALCOMMUNICATIONSCORP_11_16_1998-EX-10.30-CONSTRUCTION AND MAINTENANCE AGREEMENT,STARTECGLOBALCOMMUNICATIONSCORP_11_16_1998-EX-10.30-CONSTRUCTION AND MAINTENANCE AGREEMENT::p0074,para:STARTECGLOBALCOMMUNICATIONSCORP_11_16_1998-EX-10.30-CONSTRUCTION AND MAINTENANCE AGREEMENT::p0074,0.12,False,5,1,False,0.88
Q064,Termination For Convenience,STARTECGLOBALCOMMUNICATIONSCORP_11_16_1998-EX-10.30-CONSTRUCTION AND MAINTENANCE AGREEMENT,STARTECGLOBALCOMMUNICATIONSCORP_11_16_1998-EX-10.30-CONSTRUCTION AND MAINTENANCE AGREEMENT::p0024,para:STARTECGLOBALCOMMUNICATIONSCORP_11_16_1998-EX-10.30-CONSTRUCTION AND MAINTENANCE AGREEMENT::p0024,0.01,False,6,1,False,0.99
Q064,Termination For Convenience,STARTECGLOBALCOMMUNICATIONSCORP_11_16_1998-EX-10.30-CONSTRUCTION AND MAINTENANCE AGREEMENT,STARTECGLOBALCOMMUNICATIONSCORP_11_16_1998-EX-10.30-CONSTRUCTION AND MAINTENANCE AGREEMENT::p0066,para:STARTECGLOBALCOMMUNICATIONSCORP_11_16_1998-EX-10.30-CONSTRUCTION AND MAINTENANCE AGREEMENT::p0066,0.01,False,7,1,False,0.99
Q064,Termination For Convenience,STARTECGLOBALCOMMUNICATIONSCORP_11_16_1998-EX-10.30-CONSTRUCTION AND MAINTENANCE AGREEMENT,STARTECGLOBALCOMMUNICATIONSCORP_11_16_1998-EX-10.30-CONSTRUCTION AND MAINTENANCE AGREEMENT::p0059,para:STARTECGLOBALCOMMUNICATIONSCORP_11_16_1998-EX-10.30-CONSTRUCTION AND MAINTENANCE AGREEMENT::p0059,0.01,False,8,1,False,0.99
Q064,Termination For Convenience,STARTECGLOBALCOMMUNICATIONSCORP_11_16_1998-EX-10.30-CONSTRUCTION AND MAINTENANCE AGREEMENT,STARTECGLOBALCOMMUNICATIONSCORP_11_16_1998-EX-10.30-CONSTRUCTION AND MAINTENANCE AGREEMENT::p0075,para:STARTECGLOBALCOMMUNICATIONSCORP_11_16_1998-EX-10.30-CONSTRUCTION AND MAINTENANCE AGREEMENT::p0075,0.0,False,9,1,False,1.0
Q064,Termination For Convenience,STARTECGLOBALCOMMUNICATIONSCORP_11_16_1998-EX-10.30-CONSTRUCTION AND MAINTENANCE AGREEMENT,STARTECGLOBALCOMMUNICATIONSCORP_11_16_1998-EX-10.30-CONSTRUCTION AND MAINTENANCE AGREEMENT::p0058,para:STARTECGLOBALCOMMUNICATIONSCORP_11_16_1998-EX-10.30-CONSTRUCTION AND MAINTENANCE AGREEMENT::p0058,0.0,False,10,1,False,1.0
Q065,Document Name,ScansourceInc_20190822_10-K_EX-10.39_11793959_EX-10.39_Distributor Agreement,ScansourceInc_20190822_10-K_EX-10.39_11793959_EX-10.39_Distributor Agreement::p0000,para:ScansourceInc_20190822_10-K_EX-10.39_11793959_EX-10.39_Distributor Agreement::p0000,2.94,True,1,4,False,0.94
Q065,Document Name,ScansourceInc_20190822_10-K_EX-10.39_11793959_EX-10.39_Distributor Agreement,ScansourceInc_20190822_10-K_EX-10.39_11793959_EX-10.39_Distributor Agreement::p0007,para:ScansourceInc_20190822_10-K_EX-10.39_11793959_EX-10.39_Distributor Agreement::p0007,2.69,False,2,4,False,0.69
Q065,Document Name,ScansourceInc_20190822_10-K_EX-10.39_11793959_EX-10.39_Distributor Agreement,ScansourceInc_20190822_10-K_EX-10.39_11793959_EX-10.39_Distributor Agreement::p0001,para:ScansourceInc_20190822_10-K_EX-10.39_11793959_EX-10.39_Distributor Agreement::p0001,1.06,False,3,4,False,0.22
Q065,Document Name,ScansourceInc_20190822_10-K_EX-10.39_11793959_EX-10.39_Distributor Agreement,ScansourceInc_20190822_10-K_EX-10.39_11793959_EX-10.39_Distributor Agreement::p0002,para:ScansourceInc_20190822_10-K_EX-10.39_11793959_EX-10.39_Distributor Agreement::p0002,0.96,False,4,4,False,0.04
Q065,Document Name,ScansourceInc_20190822_10-K_EX-10.39_11793959_EX-10.39_Distributor Agreement,ScansourceInc_20190822_10-K_EX-10.39_11793959_EX-10.39_Distributor Agreement::p0005,para:ScansourceInc_20190822_10-K_EX-10.39_11793959_EX-10.39_Distributor Agreement::p0005,0.96,False,5,4,False,0.04
Q065,Document Name,ScansourceInc_20190822_10-K_EX-10.39_11793959_EX-10.39_Distributor Agreement,ScansourceInc_20190822_10-K_EX-10.39_11793959_EX-10.39_Distributor Agreement::p0003,para:ScansourceInc_20190822_10-K_EX-10.39_11793959_EX-10.39_Distributor Agreement::p0003,0.83,False,6,4,False,0.17
Q065,Document Name,ScansourceInc_20190822_10-K_EX-10.39_11793959_EX-10.39_Distributor Agreement,ScansourceInc_20190822_10-K_EX-10.39_11793959_EX-10.39_Distributor Agreement::p0004,para:ScansourceInc_20190822_10-K_EX-10.39_11793959_EX-10.39_Distributor Agreement::p0004,0.76,False,7,4,False,0.24
Q065,Document Name,ScansourceInc_20190822_10-K_EX-10.39_11793959_EX-10.39_Distributor Agreement,ScansourceInc_20190822_10-K_EX-10.39_11793959_EX-10.39_Distributor Agreement::p0006,para:ScansourceInc_20190822_10-K_EX-10.39_11793959_EX-10.39_Distributor Agreement::p0006,0.68,False,8,4,False,0.32
Q066,Renewal Term,TICKETSCOMINC_06_22_1999-EX-10.22-SPONSORSHIP AGREEMENT,TICKETSCOMINC_06_22_1999-EX-10.22-SPONSORSHIP AGREEMENT::p0002,para:TICKETSCOMINC_06_22_1999-EX-10.22-SPONSORSHIP AGREEMENT::p0002,2.98,True,1,1,False,0.98
Q066,Renewal Term,TICKETSCOMINC_06_22_1999-EX-10.22-SPONSORSHIP AGREEMENT,TICKETSCOMINC_06_22_1999-EX-10.22-SPONSORSHIP AGREEMENT::p0000,para:TICKETSCOMINC_06_22_1999-EX-10.22-SPONSORSHIP AGREEMENT::p0000,0.02,False,2,1,False,0.98
Q066,Renewal Term,TICKETSCOMINC_06_22_1999-EX-10.22-SPONSORSHIP AGREEMENT,TICKETSCOMINC_06_22_1999-EX-10.22-SPONSORSHIP AGREEMENT::p0001,para:TICKETSCOMINC_06_22_1999-EX-10.22-SPONSORSHIP AGREEMENT::p0001,0.01,False,3,1,False,0.99
Q066,Renewal Term,TICKETSCOMINC_06_22_1999-EX-10.22-SPONSORSHIP AGREEMENT,TICKETSCOMINC_06_22_1999-EX-10.22-SPONSORSHIP AGREEMENT::p0005,para:TICKETSCOMINC_06_22_1999-EX-10.22-SPONSORSHIP AGREEMENT::p0005,0.0,False,4,1,False,1.0
Q066,Renewal Term,TICKETSCOMINC_06_22_1999-EX-10.22-SPONSORSHIP AGREEMENT,TICKETSCOMINC_06_22_1999-EX-10.22-SPONSORSHIP AGREEMENT::p0003,para:TICKETSCOMINC_06_22_1999-EX-10.22-SPONSORSHIP AGREEMENT::p0003,0.0,False,5,1,False,1.0
Q066,Renewal Term,TICKETSCOMINC_06_22_1999-EX-10.22-SPONSORSHIP AGREEMENT,TICKETSCOMINC_06_22_1999-EX-10.22-SPONSORSHIP AGREEMENT::p0004,para:TICKETSCOMINC_06_22_1999-EX-10.22-SPONSORSHIP AGREEMENT::p0004,0.0,False,6,1,False,1.0
Q066,Renewal Term,TICKETSCOMINC_06_22_1999-EX-10.22-SPONSORSHIP AGREEMENT,TICKETSCOMINC_06_22_1999-EX-10.22-SPONSORSHIP AGREEMENT::p0006,para:TICKETSCOMINC_06_22_1999-EX-10.22-SPONSORSHIP AGREEMENT::p0006,0.0,False,7,1,False,1.0
Q067,Ip Ownership Assignment,PfHospitalityGroupInc_20150923_10-12G_EX-10.1_9266710_EX-10.1_Franchise Agreement1,PfHospitalityGroupInc_20150923_10-12G_EX-10.1_9266710_EX-10.1_Franchise Agreement1::p0072,para:PfHospitalityGroupInc_20150923_10-12G_EX-10.1_9266710_EX-10.1_Franchise Agreement1::p0072,2.08,True,1,40,True,0.08
Q067,Ip Ownership Assignment,PfHospitalityGroupInc_20150923_10-12G_EX-10.1_9266710_EX-10.1_Franchise Agreement1,PfHospitalityGroupInc_20150923_10-12G_EX-10.1_9266710_EX-10.1_Franchise Agreement1::p0054,para:PfHospitalityGroupInc_20150923_10-12G_EX-10.1_9266710_EX-10.1_Franchise Agreement1::p0054,1.33,False,2,40,True,0.27
Q067,Ip Ownership Assignment,PfHospitalityGroupInc_20150923_10-12G_EX-10.1_9266710_EX-10.1_Franchise Agreement1,PfHospitalityGroupInc_20150923_10-12G_EX-10.1_9266710_EX-10.1_Franchise Agreement1::p0077,para:PfHospitalityGroupInc_20150923_10-12G_EX-10.1_9266710_EX-10.1_Franchise Agreement1::p0077,0.32,False,3,40,True,0.68
Q067,Ip Ownership Assignment,PfHospitalityGroupInc_20150923_10-12G_EX-10.1_9266710_EX-10.1_Franchise Agreement1,PfHospitalityGroupInc_20150923_10-12G_EX-10.1_9266710_EX-10.1_Franchise Agreement1::p0089,para:PfHospitalityGroupInc_20150923_10-12G_EX-10.1_9266710_EX-10.1_Franchise Agreement1::p0089,0.16,False,4,40,True,0.84
Q067,Ip Ownership Assignment,PfHospitalityGroupInc_20150923_10-12G_EX-10.1_9266710_EX-10.1_Franchise Agreement1,PfHospitalityGroupInc_20150923_10-12G_EX-10.1_9266710_EX-10.1_Franchise Agreement1::p0080,para:PfHospitalityGroupInc_20150923_10-12G_EX-10.1_9266710_EX-10.1_Franchise Agreement1::p0080,0.11,False,5,40,True,0.89
Q067,Ip Ownership Assignment,PfHospitalityGroupInc_20150923_10-12G_EX-10.1_9266710_EX-10.1_Franchise Agreement1,PfHospitalityGroupInc_20150923_10-12G_EX-10.1_9266710_EX-10.1_Franchise Agreement1::p0090,para:PfHospitalityGroupInc_20150923_10-12G_EX-10.1_9266710_EX-10.1_Franchise Agreement1::p0090,0.09,False,6,40,True,0.91
Q067,Ip Ownership Assignment,PfHospitalityGroupInc_20150923_10-12G_EX-10.1_9266710_EX-10.1_Franchise Agreement1,PfHospitalityGroupInc_20150923_10-12G_EX-10.1_9266710_EX-10.1_Franchise Agreement1::p0107,para:PfHospitalityGroupInc_20150923_10-12G_EX-10.1_9266710_EX-10.1_Franchise Agreement1::p0107,0.0,False,7,40,True,1.0
Q067,Ip Ownership Assignment,PfHospitalityGroupInc_20150923_10-12G_EX-10.1_9266710_EX-10.1_Franchise Agreement1,PfHospitalityGroupInc_20150923_10-12G_EX-10.1_9266710_EX-10.1_Franchise Agreement1::p0047,para:PfHospitalityGroupInc_20150923_10-12G_EX-10.1_9266710_EX-10.1_Franchise Agreement1::p0047,0.0,False,8,40,True,1.0
Q067,Ip Ownership Assignment,PfHospitalityGroupInc_20150923_10-12G_EX-10.1_9266710_EX-10.1_Franchise Agreement1,PfHospitalityGroupInc_20150923_10-12G_EX-10.1_9266710_EX-10.1_Franchise Agreement1::p0051,para:PfHospitalityGroupInc_20150923_10-12G_EX-10.1_9266710_EX-10.1_Franchise Agreement1::p0051,0.0,False,9,40,True,1.0
Q067,Ip Ownership Assignment,PfHospitalityGroupInc_20150923_10-12G_EX-10.1_9266710_EX-10.1_Franchise Agreement1,PfHospitalityGroupInc_20150923_10-12G_EX-10.1_9266710_EX-10.1_Franchise Agreement1::p0016,para:PfHospitalityGroupInc_20150923_10-12G_EX-10.1_9266710_EX-10.1_Franchise Agreement1::p0016,0.0,False,10,40,True,1.0
Q068,Effective Date,VIOLINMEMORYINC_12_12_2012-EX-10.14-SPONSORSHIP AGREEMENT,VIOLINMEMORYINC_12_12_2012-EX-10.14-SPONSORSHIP AGREEMENT::p0000,para:VIOLINMEMORYINC_12_12_2012-EX-10.14-SPONSORSHIP AGREEMENT::p0000,2.41,True,1,7,False,0.41
Q068,Effective Date,VIOLINMEMORYINC_12_12_2012-EX-10.14-SPONSORSHIP AGREEMENT,VIOLINMEMORYINC_12_12_2012-EX-10.14-SPONSORSHIP AGREEMENT::p0003,para:VIOLINMEMORYINC_12_12_2012-EX-10.14-SPONSORSHIP AGREEMENT::p0003,2.4,False,2,7,False,0.4
Q068,Effective Date,VIOLINMEMORYINC_12_12_2012-EX-10.14-SPONSORSHIP AGREEMENT,VIOLINMEMORYINC_12_12_2012-EX-10.14-SPONSORSHIP AGREEMENT::p0001,para:VIOLINMEMORYINC_12_12_2012-EX-10.14-SPONSORSHIP AGREEMENT::p0001,1.91,False,3,7,False,0.33
Q068,Effective Date,VIOLINMEMORYINC_12_12_2012-EX-10.14-SPONSORSHIP AGREEMENT,VIOLINMEMORYINC_12_12_2012-EX-10.14-SPONSORSHIP AGREEMENT::p0030,para:VIOLINMEMORYINC_12_12_2012-EX-10.14-SPONSORSHIP AGREEMENT::p0030,1.48,False,4,7,False,0.42
Q068,Effective Date,VIOLINMEMORYINC_12_12_2012-EX-10.14-SPONSORSHIP AGREEMENT,VIOLINMEMORYINC_12_12_2012-EX-10.14-SPONSORSHIP AGREEMENT::p0006,para:VIOLINMEMORYINC_12_12_2012-EX-10.14-SPONSORSHIP AGREEMENT::p0006,1.26,False,5,7,False,0.59
Q068,Effective Date,VIOLINMEMORYINC_12_12_2012-EX-10.14-SPONSORSHIP AGREEMENT,VIOLINMEMORYINC_12_12_2012-EX-10.14-SPONSORSHIP AGREEMENT::p0010,para:VIOLINMEMORYINC_12_12_2012-EX-10.14-SPONSORSHIP AGREEMENT::p0010,0.25,False,6,7,False,0.75
Q068,Effective Date,VIOLINMEMORYINC_12_12_2012-EX-10.14-SPONSORSHIP AGREEMENT,VIOLINMEMORYINC_12_12_2012-EX-10.14-SPONSORSHIP AGREEMENT::p0008,para:VIOLINMEMORYINC_12_12_2012-EX-10.14-SPONSORSHIP AGREEMENT::p0008,0.19,False,7,7,False,0.81
Q068,Effective Date,VIOLINMEMORYINC_12_12_2012-EX-10.14-SPONSORSHIP AGREEMENT,VIOLINMEMORYINC_12_12_2012-EX-10.14-SPONSORSHIP AGREEMENT::p0029,para:VIOLINMEMORYINC_12_12_2012-EX-10.14-SPONSORSHIP AGREEMENT::p0029,0.07,False,8,7,False,0.93
Q068,Effective Date,VIOLINMEMORYINC_12_12_2012-EX-10.14-SPONSORSHIP AGREEMENT,VIOLINMEMORYINC_12_12_2012-EX-10.14-SPONSORSHIP AGREEMENT::p0007,para:VIOLINMEMORYINC_12_12_2012-EX-10.14-SPONSORSHIP AGREEMENT::p0007,0.03,False,9,7,False,0.97
Q068,Effective Date,VIOLINMEMORYINC_12_12_2012-EX-10.14-SPONSORSHIP AGREEMENT,VIOLINMEMORYINC_12_12_2012-EX-10.14-SPONSORSHIP AGREEMENT::p0027,para:VIOLINMEMORYINC_12_12_2012-EX-10.14-SPONSORSHIP AGREEMENT::p0027,0.02,False,10,7,False,0.98
Q069,Exclusivity,TodosMedicalLtd_20190328_20-F_EX-4.10_11587157_EX-4.10_Marketing Agreement_ Reseller Agreement,TodosMedicalLtd_20190328_20-F_EX-4.10_11587157_EX-4.10_Marketing Agreement_ Reseller Agreement::p0001,para:TodosMedicalLtd_20190328_20-F_EX-4.10_11587157_EX-4.10_Marketing Agreement_ Reseller Agreement::p0001,2.99,True,1,9,False,0.99
Q069,Exclusivity,TodosMedicalLtd_20190328_20-F_EX-4.10_11587157_EX-4.10_Marketing Agreement_ Reseller Agreement,TodosMedicalLtd_20190328_20-F_EX-4.10_11587157_EX-4.10_Marketing Agreement_ Reseller Agreement::p0002,para:TodosMedicalLtd_20190328_20-F_EX-4.10_11587157_EX-4.10_Marketing Agreement_ Reseller Agreement::p0002,2.94,False,2,9,False,0.94
Q069,Exclusivity,TodosMedicalLtd_20190328_20-F_EX-4.10_11587157_EX-4.10_Marketing Agreement_ Reseller Agreement,TodosMedicalLtd_20190328_20-F_EX-4.10_11587157_EX-4.10_Marketing Agreement_ Reseller Agreement::p0006,para:TodosMedicalLtd_20190328_20-F_EX-4.10_11587157_EX-4.10_Marketing Agreement_ Reseller Agreement::p0006,2.55,False,3,9,False,0.55
Q069,Exclusivity,TodosMedicalLtd_20190328_20-F_EX-4.10_11587157_EX-4.10_Marketing Agreement_ Reseller Agreement,TodosMedicalLtd_20190328_20-F_EX-4.10_11587157_EX-4.10_Marketing Agreement_ Reseller Agreement::p0005,para:TodosMedicalLtd_20190328_20-F_EX-4.10_11587157_EX-4.10_Marketing Agreement_ Reseller Agreement::p0005,0.42,False,4,9,False,0.58
Q069,Exclusivity,TodosMedicalLtd_20190328_20-F_EX-4.10_11587157_EX-4.10_Marketing Agreement_ Reseller Agreement,TodosMedicalLtd_20190328_20-F_EX-4.10_11587157_EX-4.10_Marketing Agreement_ Reseller Agreement::p0014,para:TodosMedicalLtd_20190328_20-F_EX-4.10_11587157_EX-4.10_Marketing Agreement_ Reseller Agreement::p0014,0.1,False,5,9,False,0.9
Q069,Exclusivity,TodosMedicalLtd_20190328_20-F_EX-4.10_11587157_EX-4.10_Marketing Agreement_ Reseller Agreement,TodosMedicalLtd_20190328_20-F_EX-4.10_11587157_EX-4.10_Marketing Agreement_ Reseller Agreement::p0022,para:TodosMedicalLtd_20190328_20-F_EX-4.10_11587157_EX-4.10_Marketing Agreement_ Reseller Agreement::p0022,0.04,False,6,9,False,0.96
Q069,Exclusivity,TodosMedicalLtd_20190328_20-F_EX-4.10_11587157_EX-4.10_Marketing Agreement_ Reseller Agreement,TodosMedicalLtd_20190328_20-F_EX-4.10_11587157_EX-4.10_Marketing Agreement_ Reseller Agreement::p0011,para:TodosMedicalLtd_20190328_20-F_EX-4.10_11587157_EX-4.10_Marketing Agreement_ Reseller Agreement::p0011,0.03,False,7,9,False,0.97
Q069,Exclusivity,TodosMedicalLtd_20190328_20-F_EX-4.10_11587157_EX-4.10_Marketing Agreement_ Reseller Agreement,TodosMedicalLtd_20190328_20-F_EX-4.10_11587157_EX-4.10_Marketing Agreement_ Reseller Agreement::p0018,para:TodosMedicalLtd_20190328_20-F_EX-4.10_11587157_EX-4.10_Marketing Agreement_ Reseller Agreement::p0018,0.02,False,8,9,False,0.98
Q069,Exclusivity,TodosMedicalLtd_20190328_20-F_EX-4.10_11587157_EX-4.10_Marketing Agreement_ Reseller Agreement,TodosMedicalLtd_20190328_20-F_EX-4.10_11587157_EX-4.10_Marketing Agreement_ Reseller Agreement::p0019,para:TodosMedicalLtd_20190328_20-F_EX-4.10_11587157_EX-4.10_Marketing Agreement_ Reseller Agreement::p0019,0.02,False,9,9,False,0.98
Q069,Exclusivity,TodosMedicalLtd_20190328_20-F_EX-4.10_11587157_EX-4.10_Marketing Agreement_ Reseller Agreement,TodosMedicalLtd_20190328_20-F_EX-4.10_11587157_EX-4.10_Marketing Agreement_ Reseller Agreement::p0017,para:TodosMedicalLtd_20190328_20-F_EX-4.10_11587157_EX-4.10_Marketing Agreement_ Reseller Agreement::p0017,0.0,False,10,9,False,1.0
Q070,Expiration Date,NYLIACVARIABLEANNUITYSEPARATEACCOUNTIII_04_10_2020-EX-99.8.KK-SERVICE AGREEMENT,NYLIACVARIABLEANNUITYSEPARATEACCOUNTIII_04_10_2020-EX-99.8.KK-SERVICE AGREEMENT::p0004,para:NYLIACVARIABLEANNUITYSEPARATEACCOUNTIII_04_10_2020-EX-99.8.KK-SERVICE AGREEMENT::p0004,0.37,True,1,2,False,0.63
Q070,Expiration Date,NYLIACVARIABLEANNUITYSEPARATEACCOUNTIII_04_10_2020-EX-99.8.KK-SERVICE AGREEMENT,NYLIACVARIABLEANNUITYSEPARATEACCOUNTIII_04_10_2020-EX-99.8.KK-SERVICE AGREEMENT::p0000,para:NYLIACVARIABLEANNUITYSEPARATEACCOUNTIII_04_10_2020-EX-99.8.KK-SERVICE AGREEMENT::p0000,0.16,False,2,2,False,0.84
Q070,Expiration Date,NYLIACVARIABLEANNUITYSEPARATEACCOUNTIII_04_10_2020-EX-99.8.KK-SERVICE AGREEMENT,NYLIACVARIABLEANNUITYSEPARATEACCOUNTIII_04_10_2020-EX-99.8.KK-SERVICE AGREEMENT::p0003,para:NYLIACVARIABLEANNUITYSEPARATEACCOUNTIII_04_10_2020-EX-99.8.KK-SERVICE AGREEMENT::p0003,0.04,False,3,2,False,0.96
Q070,Expiration Date,NYLIACVARIABLEANNUITYSEPARATEACCOUNTIII_04_10_2020-EX-99.8.KK-SERVICE AGREEMENT,NYLIACVARIABLEANNUITYSEPARATEACCOUNTIII_04_10_2020-EX-99.8.KK-SERVICE AGREEMENT::p0002,para:NYLIACVARIABLEANNUITYSEPARATEACCOUNTIII_04_10_2020-EX-99.8.KK-SERVICE AGREEMENT::p0002,0.01,False,4,2,False,0.99
Q070,Expiration Date,NYLIACVARIABLEANNUITYSEPARATEACCOUNTIII_04_10_2020-EX-99.8.KK-SERVICE AGREEMENT,NYLIACVARIABLEANNUITYSEPARATEACCOUNTIII_04_10_2020-EX-99.8.KK-SERVICE AGREEMENT::p0001,para:NYLIACVARIABLEANNUITYSEPARATEACCOUNTIII_04_10_2020-EX-99.8.KK-SERVICE AGREEMENT::p0001,0.0,False,5,2,False,1.0
Q071,Post-Termination Services,GluMobileInc_20070319_S-1A_EX-10.09_436630_EX-10.09_Content License Agreement1,GluMobileInc_20070319_S-1A_EX-10.09_436630_EX-10.09_Content License Agreement1::p0064,para:GluMobileInc_20070319_S-1A_EX-10.09_436630_EX-10.09_Content License Agreement1::p0064,2.99,False,1,2,False,0.99
Q071,Post-Termination Services,GluMobileInc_20070319_S-1A_EX-10.09_436630_EX-10.09_Content License Agreement1,GluMobileInc_20070319_S-1A_EX-10.09_436630_EX-10.09_Content License Agreement1::p0065,para:GluMobileInc_20070319_S-1A_EX-10.09_436630_EX-10.09_Content License Agreement1::p0065,2.99,True,2,2,False,0.99
Q071,Post-Termination Services,GluMobileInc_20070319_S-1A_EX-10.09_436630_EX-10.09_Content License Agreement1,GluMobileInc_20070319_S-1A_EX-10.09_436630_EX-10.09_Content License Agreement1::p0021,para:GluMobileInc_20070319_S-1A_EX-10.09_436630_EX-10.09_Content License Agreement1::p0021,2.8,False,3,2,False,0.8
Q071,Post-Termination Services,GluMobileInc_20070319_S-1A_EX-10.09_436630_EX-10.09_Content License Agreement1,GluMobileInc_20070319_S-1A_EX-10.09_436630_EX-10.09_Content License Agreement1::p0046,para:GluMobileInc_20070319_S-1A_EX-10.09_436630_EX-10.09_Content License Agreement1::p0046,2.52,False,4,2,False,0.52
Q071,Post-Termination Services,GluMobileInc_20070319_S-1A_EX-10.09_436630_EX-10.09_Content License Agreement1,GluMobileInc_20070319_S-1A_EX-10.09_436630_EX-10.09_Content License Agreement1::p0066,para:GluMobileInc_20070319_S-1A_EX-10.09_436630_EX-10.09_Content License Agreement1::p0066,2.04,False,5,2,False,0.35
Q071,Post-Termination Services,GluMobileInc_20070319_S-1A_EX-10.09_436630_EX-10.09_Content License Agreement1,GluMobileInc_20070319_S-1A_EX-10.09_436630_EX-10.09_Content License Agreement1::p0067,para:GluMobileInc_20070319_S-1A_EX-10.09_436630_EX-10.09_Content License Agreement1::p0067,1.96,False,6,2,False,0.3
Q071,Post-Termination Services,GluMobileInc_20070319_S-1A_EX-10.09_436630_EX-10.09_Content License Agreement1,GluMobileInc_20070319_S-1A_EX-10.09_436630_EX-10.09_Content License Agreement1::p0032,para:GluMobileInc_20070319_S-1A_EX-10.09_436630_EX-10.09_Content License Agreement1::p0032,1.72,False,7,2,False,0.49
Q071,Post-Termination Services,GluMobileInc_20070319_S-1A_EX-10.09_436630_EX-10.09_Content License Agreement1,GluMobileInc_20070319_S-1A_EX-10.09_436630_EX-10.09_Content License Agreement1::p0073,para:GluMobileInc_20070319_S-1A_EX-10.09_436630_EX-10.09_Content License Agreement1::p0073,1.67,False,8,2,False,0.4
Q071,Post-Termination Services,GluMobileInc_20070319_S-1A_EX-10.09_436630_EX-10.09_Content License Agreement1,GluMobileInc_20070319_S-1A_EX-10.09_436630_EX-10.09_Content License Agreement1::p0059,para:GluMobileInc_20070319_S-1A_EX-10.09_436630_EX-10.09_Content License Agreement1::p0059,1.05,False,9,2,False,0.63
Q071,Post-Termination Services,GluMobileInc_20070319_S-1A_EX-10.09_436630_EX-10.09_Content License Agreement1,GluMobileInc_20070319_S-1A_EX-10.09_436630_EX-10.09_Content License Agreement1::p0050,para:GluMobileInc_20070319_S-1A_EX-10.09_436630_EX-10.09_Content License Agreement1::p0050,0.03,False,10,2,False,0.97
Q072,Document Name,TELKOMSALTD_01_30_2003-EX-10-LICENCE AND MAINTENANCE AGREEMENT,TELKOMSALTD_01_30_2003-EX-10-LICENCE AND MAINTENANCE AGREEMENT::p0000,para:TELKOMSALTD_01_30_2003-EX-10-LICENCE AND MAINTENANCE AGREEMENT::p0000,2.99,True,1,16,True,0.99
Q072,Document Name,TELKOMSALTD_01_30_2003-EX-10-LICENCE AND MAINTENANCE AGREEMENT,TELKOMSALTD_01_30_2003-EX-10-LICENCE AND MAINTENANCE AGREEMENT::p0001,para:TELKOMSALTD_01_30_2003-EX-10-LICENCE AND MAINTENANCE AGREEMENT::p0001,2.87,False,2,16,True,0.87
Q072,Document Name,TELKOMSALTD_01_30_2003-EX-10-LICENCE AND MAINTENANCE AGREEMENT,TELKOMSALTD_01_30_2003-EX-10-LICENCE AND MAINTENANCE AGREEMENT::p0070,para:TELKOMSALTD_01_30_2003-EX-10-LICENCE AND MAINTENANCE AGREEMENT::p0070,2.78,False,3,16,True,0.78
Q072,Document Name,TELKOMSALTD_01_30_2003-EX-10-LICENCE AND MAINTENANCE AGREEMENT,TELKOMSALTD_01_30_2003-EX-10-LICENCE AND MAINTENANCE AGREEMENT::p0065,para:TELKOMSALTD_01_30_2003-EX-10-LICENCE AND MAINTENANCE AGREEMENT::p0065,2.74,False,4,16,True,0.74
Q072,Document Name,TELKOMSALTD_01_30_2003-EX-10-LICENCE AND MAINTENANCE AGREEMENT,TELKOMSALTD_01_30_2003-EX-10-LICENCE AND MAINTENANCE AGREEMENT::p0056,para:TELKOMSALTD_01_30_2003-EX-10-LICENCE AND MAINTENANCE AGREEMENT::p0056,2.73,False,5,16,True,0.73
Q072,Document Name,TELKOMSALTD_01_30_2003-EX-10-LICENCE AND MAINTENANCE AGREEMENT,TELKOMSALTD_01_30_2003-EX-10-LICENCE AND MAINTENANCE AGREEMENT::p0044,para:TELKOMSALTD_01_30_2003-EX-10-LICENCE AND MAINTENANCE AGREEMENT::p0044,2.58,False,6,16,True,0.58
Q072,Document Name,TELKOMSALTD_01_30_2003-EX-10-LICENCE AND MAINTENANCE AGREEMENT,TELKOMSALTD_01_30_2003-EX-10-LICENCE AND MAINTENANCE AGREEMENT::p0069,para:TELKOMSALTD_01_30_2003-EX-10-LICENCE AND MAINTENANCE AGREEMENT::p0069,2.56,False,7,16,True,0.56
Q072,Document Name,TELKOMSALTD_01_30_2003-EX-10-LICENCE AND MAINTENANCE AGREEMENT,TELKOMSALTD_01_30_2003-EX-10-LICENCE AND MAINTENANCE AGREEMENT::p0077,para:TELKOMSALTD_01_30_2003-EX-10-LICENCE AND MAINTENANCE AGREEMENT::p0077,2.37,False,8,16,True,0.37
Q072,Document Name,TELKOMSALTD_01_30_2003-EX-10-LICENCE AND MAINTENANCE AGREEMENT,TELKOMSALTD_01_30_2003-EX-10-LICENCE AND MAINTENANCE AGREEMENT::p0068,para:TELKOMSALTD_01_30_2003-EX-10-LICENCE AND MAINTENANCE AGREEMENT::p0068,2.32,False,9,16,True,0.32
Q072,Document Name,TELKOMSALTD_01_30_2003-EX-10-LICENCE AND MAINTENANCE AGREEMENT,TELKOMSALTD_01_30_2003-EX-10-LICENCE AND MAINTENANCE AGREEMENT::p0078,para:TELKOMSALTD_01_30_2003-EX-10-LICENCE AND MAINTENANCE AGREEMENT::p0078,2.07,False,10,16,True,0.07
Q073,Governing Law,FreezeTagInc_20180411_8-K_EX-10.1_11139603_EX-10.1_Sponsorship Agreement,FreezeTagInc_20180411_8-K_EX-10.1_11139603_EX-10.1_Sponsorship Agreement::p0014,para:FreezeTagInc_20180411_8-K_EX-10.1_11139603_EX-10.1_Sponsorship Agreement::p0014,3.0,True,1,1,False,1.0
Q073,Governing Law,FreezeTagInc_20180411_8-K_EX-10.1_11139603_EX-10.1_Sponsorship Agreement,FreezeTagInc_20180411_8-K_EX-10.1_11139603_EX-10.1_Sponsorship Agreement::p0002,para:FreezeTagInc_20180411_8-K_EX-10.1_11139603_EX-10.1_Sponsorship Agreement::p0002,0.11,False,2,1,False,0.89
Q073,Governing Law,FreezeTagInc_20180411_8-K_EX-10.1_11139603_EX-10.1_Sponsorship Agreement,FreezeTagInc_20180411_8-K_EX-10.1_11139603_EX-10.1_Sponsorship Agreement::p0005,para:FreezeTagInc_20180411_8-K_EX-10.1_11139603_EX-10.1_Sponsorship Agreement::p0005,0.04,False,3,1,False,0.96
Q073,Governing Law,FreezeTagInc_20180411_8-K_EX-10.1_11139603_EX-10.1_Sponsorship Agreement,FreezeTagInc_20180411_8-K_EX-10.1_11139603_EX-10.1_Sponsorship Agreement::p0008,para:FreezeTagInc_20180411_8-K_EX-10.1_11139603_EX-10.1_Sponsorship Agreement::p0008,0.04,False,4,1,False,0.96
Q073,Governing Law,FreezeTagInc_20180411_8-K_EX-10.1_11139603_EX-10.1_Sponsorship Agreement,FreezeTagInc_20180411_8-K_EX-10.1_11139603_EX-10.1_Sponsorship Agreement::p0023,para:FreezeTagInc_20180411_8-K_EX-10.1_11139603_EX-10.1_Sponsorship Agreement::p0023,0.04,False,5,1,False,0.96
Q073,Governing Law,FreezeTagInc_20180411_8-K_EX-10.1_11139603_EX-10.1_Sponsorship Agreement,FreezeTagInc_20180411_8-K_EX-10.1_11139603_EX-10.1_Sponsorship Agreement::p0013,para:FreezeTagInc_20180411_8-K_EX-10.1_11139603_EX-10.1_Sponsorship Agreement::p0013,0.03,False,6,1,False,0.97
Q073,Governing Law,FreezeTagInc_20180411_8-K_EX-10.1_11139603_EX-10.1_Sponsorship Agreement,FreezeTagInc_20180411_8-K_EX-10.1_11139603_EX-10.1_Sponsorship Agreement::p0022,para:FreezeTagInc_20180411_8-K_EX-10.1_11139603_EX-10.1_Sponsorship Agreement::p0022,0.01,False,7,1,False,0.99
Q073,Governing Law,FreezeTagInc_20180411_8-K_EX-10.1_11139603_EX-10.1_Sponsorship Agreement,FreezeTagInc_20180411_8-K_EX-10.1_11139603_EX-10.1_Sponsorship Agreement::p0006,para:FreezeTagInc_20180411_8-K_EX-10.1_11139603_EX-10.1_Sponsorship Agreement::p0006,0.01,False,8,1,False,0.99
Q073,Governing Law,FreezeTagInc_20180411_8-K_EX-10.1_11139603_EX-10.1_Sponsorship Agreement,FreezeTagInc_20180411_8-K_EX-10.1_11139603_EX-10.1_Sponsorship Agreement::p0003,para:FreezeTagInc_20180411_8-K_EX-10.1_11139603_EX-10.1_Sponsorship Agreement::p0003,0.01,False,9,1,False,0.99
Q073,Governing Law,FreezeTagInc_20180411_8-K_EX-10.1_11139603_EX-10.1_Sponsorship Agreement,FreezeTagInc_20180411_8-K_EX-10.1_11139603_EX-10.1_Sponsorship Agreement::p0021,para:FreezeTagInc_20180411_8-K_EX-10.1_11139603_EX-10.1_Sponsorship Agreement::p0021,0.0,False,10,1,False,1.0
Q074,Expiration Date,ELANDIAINTERNATIONALINC_04_25_2007-EX-10.21-Outsourcing Agreement,ELANDIAINTERNATIONALINC_04_25_2007-EX-10.21-Outsourcing Agreement::p0006,para:ELANDIAINTERNATIONALINC_04_25_2007-EX-10.21-Outsourcing Agreement::p0006,2.96,True,1,1,False,0.96
Q074,Expiration Date,ELANDIAINTERNATIONALINC_04_25_2007-EX-10.21-Outsourcing Agreement,ELANDIAINTERNATIONALINC_04_25_2007-EX-10.21-Outsourcing Agreement::p0051,para:ELANDIAINTERNATIONALINC_04_25_2007-EX-10.21-Outsourcing Agreement::p0051,0.43,False,2,1,False,0.57
Q074,Expiration Date,ELANDIAINTERNATIONALINC_04_25_2007-EX-10.21-Outsourcing Agreement,ELANDIAINTERNATIONALINC_04_25_2007-EX-10.21-Outsourcing Agreement::p0053,para:ELANDIAINTERNATIONALINC_04_25_2007-EX-10.21-Outsourcing Agreement::p0053,0.37,False,3,1,False,0.63
Q074,Expiration Date,ELANDIAINTERNATIONALINC_04_25_2007-EX-10.21-Outsourcing Agreement,ELANDIAINTERNATIONALINC_04_25_2007-EX-10.21-Outsourcing Agreement::p0044,para:ELANDIAINTERNATIONALINC_04_25_2007-EX-10.21-Outsourcing Agreement::p0044,0.35,False,4,1,False,0.65
Q074,Expiration Date,ELANDIAINTERNATIONALINC_04_25_2007-EX-10.21-Outsourcing Agreement,ELANDIAINTERNATIONALINC_04_25_2007-EX-10.21-Outsourcing Agreement::p0029,para:ELANDIAINTERNATIONALINC_04_25_2007-EX-10.21-Outsourcing Agreement::p0029,0.22,False,5,1,False,0.78
Q074,Expiration Date,ELANDIAINTERNATIONALINC_04_25_2007-EX-10.21-Outsourcing Agreement,ELANDIAINTERNATIONALINC_04_25_2007-EX-10.21-Outsourcing Agreement::p0034,para:ELANDIAINTERNATIONALINC_04_25_2007-EX-10.21-Outsourcing Agreement::p0034,0.21,False,6,1,False,0.79
Q074,Expiration Date,ELANDIAINTERNATIONALINC_04_25_2007-EX-10.21-Outsourcing Agreement,ELANDIAINTERNATIONALINC_04_25_2007-EX-10.21-Outsourcing Agreement::p0054,para:ELANDIAINTERNATIONALINC_04_25_2007-EX-10.21-Outsourcing Agreement::p0054,0.14,False,7,1,False,0.86
Q074,Expiration Date,ELANDIAINTERNATIONALINC_04_25_2007-EX-10.21-Outsourcing Agreement,ELANDIAINTERNATIONALINC_04_25_2007-EX-10.21-Outsourcing Agreement::p0027,para:ELANDIAINTERNATIONALINC_04_25_2007-EX-10.21-Outsourcing Agreement::p0027,0.07,False,8,1,False,0.93
Q074,Expiration Date,ELANDIAINTERNATIONALINC_04_25_2007-EX-10.21-Outsourcing Agreement,ELANDIAINTERNATIONALINC_04_25_2007-EX-10.21-Outsourcing Agreement::p0041,para:ELANDIAINTERNATIONALINC_04_25_2007-EX-10.21-Outsourcing Agreement::p0041,0.01,False,9,1,False,0.99
Q074,Expiration Date,ELANDIAINTERNATIONALINC_04_25_2007-EX-10.21-Outsourcing Agreement,ELANDIAINTERNATIONALINC_04_25_2007-EX-10.21-Outsourcing Agreement::p0022,para:ELANDIAINTERNATIONALINC_04_25_2007-EX-10.21-Outsourcing Agreement::p0022,0.0,False,10,1,False,1.0
Q075,Document Name,MusclepharmCorp_20170208_10-KA_EX-10.38_9893581_EX-10.38_Co-Branding Agreement,MusclepharmCorp_20170208_10-KA_EX-10.38_9893581_EX-10.38_Co-Branding Agreement::p0000,para:MusclepharmCorp_20170208_10-KA_EX-10.38_9893581_EX-10.38_Co-Branding Agreement::p0000,2.99,True,1,15,True,0.99
Q075,Document Name,MusclepharmCorp_20170208_10-KA_EX-10.38_9893581_EX-10.38_Co-Branding Agreement,MusclepharmCorp_20170208_10-KA_EX-10.38_9893581_EX-10.38_Co-Branding Agreement::p0010,para:MusclepharmCorp_20170208_10-KA_EX-10.38_9893581_EX-10.38_Co-Branding Agreement::p0010,1.32,False,2,15,True,0.0
Q075,Document Name,MusclepharmCorp_20170208_10-KA_EX-10.38_9893581_EX-10.38_Co-Branding Agreement,MusclepharmCorp_20170208_10-KA_EX-10.38_9893581_EX-10.38_Co-Branding Agreement::p0073,para:MusclepharmCorp_20170208_10-KA_EX-10.38_9893581_EX-10.38_Co-Branding Agreement::p0073,1.24,False,3,15,True,0.12
Q075,Document Name,MusclepharmCorp_20170208_10-KA_EX-10.38_9893581_EX-10.38_Co-Branding Agreement,MusclepharmCorp_20170208_10-KA_EX-10.38_9893581_EX-10.38_Co-Branding Agreement::p0003,para:MusclepharmCorp_20170208_10-KA_EX-10.38_9893581_EX-10.38_Co-Branding Agreement::p0003,1.22,False,4,15,True,0.0
Q075,Document Name,MusclepharmCorp_20170208_10-KA_EX-10.38_9893581_EX-10.38_Co-Branding Agreement,MusclepharmCorp_20170208_10-KA_EX-10.38_9893581_EX-10.38_Co-Branding Agreement::p0004,para:MusclepharmCorp_20170208_10-KA_EX-10.38_9893581_EX-10.38_Co-Branding Agreement::p0004,1.2,False,5,15,True,0.18
Q075,Document Name,MusclepharmCorp_20170208_10-KA_EX-10.38_9893581_EX-10.38_Co-Branding Agreement,MusclepharmCorp_20170208_10-KA_EX-10.38_9893581_EX-10.38_Co-Branding Agreement::p0009,para:MusclepharmCorp_20170208_10-KA_EX-10.38_9893581_EX-10.38_Co-Branding Agreement::p0009,1.18,False,6,15,True,0.0
Q075,Document Name,MusclepharmCorp_20170208_10-KA_EX-10.38_9893581_EX-10.38_Co-Branding Agreement,MusclepharmCorp_20170208_10-KA_EX-10.38_9893581_EX-10.38_Co-Branding Agreement::p0041,para:MusclepharmCorp_20170208_10-KA_EX-10.38_9893581_EX-10.38_Co-Branding Agreement::p0041,1.02,False,7,15,True,0.0
Q075,Document Name,MusclepharmCorp_20170208_10-KA_EX-10.38_9893581_EX-10.38_Co-Branding Agreement,MusclepharmCorp_20170208_10-KA_EX-10.38_9893581_EX-10.38_Co-Branding Agreement::p0074,para:MusclepharmCorp_20170208_10-KA_EX-10.38_9893581_EX-10.38_Co-Branding Agreement::p0074,0.99,False,8,15,True,0.01
Q075,Document Name,MusclepharmCorp_20170208_10-KA_EX-10.38_9893581_EX-10.38_Co-Branding Agreement,MusclepharmCorp_20170208_10-KA_EX-10.38_9893581_EX-10.38_Co-Branding Agreement::p0045,para:MusclepharmCorp_20170208_10-KA_EX-10.38_9893581_EX-10.38_Co-Branding Agreement::p0045,0.75,False,9,15,True,0.25
Q075,Document Name,MusclepharmCorp_20170208_10-KA_EX-10.38_9893581_EX-10.38_Co-Branding Agreement,MusclepharmCorp_20170208_10-KA_EX-10.38_9893581_EX-10.38_Co-Branding Agreement::p0070,para:MusclepharmCorp_20170208_10-KA_EX-10.38_9893581_EX-10.38_Co-Branding Agreement::p0070,0.67,False,10,15,True,0.33
Q076,Governing Law,BLACKBOXSTOCKSINC_08_05_2014-EX-10.1-DISTRIBUTOR AGREEMENT,BLACKBOXSTOCKSINC_08_05_2014-EX-10.1-DISTRIBUTOR AGREEMENT::p0012,para:BLACKBOXSTOCKSINC_08_05_2014-EX-10.1-DISTRIBUTOR AGREEMENT::p0012,3.0,True,1,1,False,1.0
Q076,Governing Law,BLACKBOXSTOCKSINC_08_05_2014-EX-10.1-DISTRIBUTOR AGREEMENT,BLACKBOXSTOCKSINC_08_05_2014-EX-10.1-DISTRIBUTOR AGREEMENT::p0001,para:BLACKBOXSTOCKSINC_08_05_2014-EX-10.1-DISTRIBUTOR AGREEMENT::p0001,0.05,False,2,1,False,0.95
Q076,Governing Law,BLACKBOXSTOCKSINC_08_05_2014-EX-10.1-DISTRIBUTOR AGREEMENT,BLACKBOXSTOCKSINC_08_05_2014-EX-10.1-DISTRIBUTOR AGREEMENT::p0010,para:BLACKBOXSTOCKSINC_08_05_2014-EX-10.1-DISTRIBUTOR AGREEMENT::p0010,0.04,False,3,1,False,0.96
Q076,Governing Law,BLACKBOXSTOCKSINC_08_05_2014-EX-10.1-DISTRIBUTOR AGREEMENT,BLACKBOXSTOCKSINC_08_05_2014-EX-10.1-DISTRIBUTOR AGREEMENT::p0005,para:BLACKBOXSTOCKSINC_08_05_2014-EX-10.1-DISTRIBUTOR AGREEMENT::p0005,0.03,False,4,1,False,0.97
Q076,Governing Law,BLACKBOXSTOCKSINC_08_05_2014-EX-10.1-DISTRIBUTOR AGREEMENT,BLACKBOXSTOCKSINC_08_05_2014-EX-10.1-DISTRIBUTOR AGREEMENT::p0013,para:BLACKBOXSTOCKSINC_08_05_2014-EX-10.1-DISTRIBUTOR AGREEMENT::p0013,0.02,False,5,1,False,0.98
Q076,Governing Law,BLACKBOXSTOCKSINC_08_05_2014-EX-10.1-DISTRIBUTOR AGREEMENT,BLACKBOXSTOCKSINC_08_05_2014-EX-10.1-DISTRIBUTOR AGREEMENT::p0009,para:BLACKBOXSTOCKSINC_08_05_2014-EX-10.1-DISTRIBUTOR AGREEMENT::p0009,0.01,False,6,1,False,0.99
Q076,Governing Law,BLACKBOXSTOCKSINC_08_05_2014-EX-10.1-DISTRIBUTOR AGREEMENT,BLACKBOXSTOCKSINC_08_05_2014-EX-10.1-DISTRIBUTOR AGREEMENT::p0003,para:BLACKBOXSTOCKSINC_08_05_2014-EX-10.1-DISTRIBUTOR AGREEMENT::p0003,0.01,False,7,1,False,0.99
Q076,Governing Law,BLACKBOXSTOCKSINC_08_05_2014-EX-10.1-DISTRIBUTOR AGREEMENT,BLACKBOXSTOCKSINC_08_05_2014-EX-10.1-DISTRIBUTOR AGREEMENT::p0004,para:BLACKBOXSTOCKSINC_08_05_2014-EX-10.1-DISTRIBUTOR AGREEMENT::p0004,0.01,False,8,1,False,0.99
Q076,Governing Law,BLACKBOXSTOCKSINC_08_05_2014-EX-10.1-DISTRIBUTOR AGREEMENT,BLACKBOXSTOCKSINC_08_05_2014-EX-10.1-DISTRIBUTOR AGREEMENT::p0007,para:BLACKBOXSTOCKSINC_08_05_2014-EX-10.1-DISTRIBUTOR AGREEMENT::p0007,0.01,False,9,1,False,0.99
Q076,Governing Law,BLACKBOXSTOCKSINC_08_05_2014-EX-10.1-DISTRIBUTOR AGREEMENT,BLACKBOXSTOCKSINC_08_05_2014-EX-10.1-DISTRIBUTOR AGREEMENT::p0006,para:BLACKBOXSTOCKSINC_08_05_2014-EX-10.1-DISTRIBUTOR AGREEMENT::p0006,0.0,False,10,1,False,1.0
Q077,Agreement Date,GopageCorp_20140221_10-K_EX-10.1_8432966_EX-10.1_Content License Agreement,GopageCorp_20140221_10-K_EX-10.1_8432966_EX-10.1_Content License Agreement::p0001,para:GopageCorp_20140221_10-K_EX-10.1_8432966_EX-10.1_Content License Agreement::p0001,3.0,True,1,4,False,1.0
Q077,Agreement Date,GopageCorp_20140221_10-K_EX-10.1_8432966_EX-10.1_Content License Agreement,GopageCorp_20140221_10-K_EX-10.1_8432966_EX-10.1_Content License Agreement::p0016,para:GopageCorp_20140221_10-K_EX-10.1_8432966_EX-10.1_Content License Agreement::p0016,1.05,False,2,4,False,0.45
Q077,Agreement Date,GopageCorp_20140221_10-K_EX-10.1_8432966_EX-10.1_Content License Agreement,GopageCorp_20140221_10-K_EX-10.1_8432966_EX-10.1_Content License Agreement::p0033,para:GopageCorp_20140221_10-K_EX-10.1_8432966_EX-10.1_Content License Agreement::p0033,1.03,False,3,4,False,0.61
Q077,Agreement Date,GopageCorp_20140221_10-K_EX-10.1_8432966_EX-10.1_Content License Agreement,GopageCorp_20140221_10-K_EX-10.1_8432966_EX-10.1_Content License Agreement::p0017,para:GopageCorp_20140221_10-K_EX-10.1_8432966_EX-10.1_Content License Agreement::p0017,0.18,False,4,4,False,0.82
Q077,Agreement Date,GopageCorp_20140221_10-K_EX-10.1_8432966_EX-10.1_Content License Agreement,GopageCorp_20140221_10-K_EX-10.1_8432966_EX-10.1_Content License Agreement::p0029,para:GopageCorp_20140221_10-K_EX-10.1_8432966_EX-10.1_Content License Agreement::p0029,0.1,False,5,4,False,0.9
Q077,Agreement Date,GopageCorp_20140221_10-K_EX-10.1_8432966_EX-10.1_Content License Agreement,GopageCorp_20140221_10-K_EX-10.1_8432966_EX-10.1_Content License Agreement::p0009,para:GopageCorp_20140221_10-K_EX-10.1_8432966_EX-10.1_Content License Agreement::p0009,0.06,False,6,4,False,0.94
Q077,Agreement Date,GopageCorp_20140221_10-K_EX-10.1_8432966_EX-10.1_Content License Agreement,GopageCorp_20140221_10-K_EX-10.1_8432966_EX-10.1_Content License Agreement::p0028,para:GopageCorp_20140221_10-K_EX-10.1_8432966_EX-10.1_Content License Agreement::p0028,0.05,False,7,4,False,0.95
Q077,Agreement Date,GopageCorp_20140221_10-K_EX-10.1_8432966_EX-10.1_Content License Agreement,GopageCorp_20140221_10-K_EX-10.1_8432966_EX-10.1_Content License Agreement::p0018,para:GopageCorp_20140221_10-K_EX-10.1_8432966_EX-10.1_Content License Agreement::p0018,0.05,False,8,4,False,0.95
Q077,Agreement Date,GopageCorp_20140221_10-K_EX-10.1_8432966_EX-10.1_Content License Agreement,GopageCorp_20140221_10-K_EX-10.1_8432966_EX-10.1_Content License Agreement::p0025,para:GopageCorp_20140221_10-K_EX-10.1_8432966_EX-10.1_Content License Agreement::p0025,0.04,False,9,4,False,0.96
Q077,Agreement Date,GopageCorp_20140221_10-K_EX-10.1_8432966_EX-10.1_Content License Agreement,GopageCorp_20140221_10-K_EX-10.1_8432966_EX-10.1_Content License Agreement::p0032,para:GopageCorp_20140221_10-K_EX-10.1_8432966_EX-10.1_Content License Agreement::p0032,0.03,False,10,4,False,0.97
Q078,Ip Ownership Assignment,MACROGENICSINC_08_02_2013-EX-10-COLLABORATION AGREEMENT,MACROGENICSINC_08_02_2013-EX-10-COLLABORATION AGREEMENT::p0107,para:MACROGENICSINC_08_02_2013-EX-10-COLLABORATION AGREEMENT::p0107,2.91,True,1,115,True,0.91
Q078,Ip Ownership Assignment,MACROGENICSINC_08_02_2013-EX-10-COLLABORATION AGREEMENT,MACROGENICSINC_08_02_2013-EX-10-COLLABORATION AGREEMENT::p0092,para:MACROGENICSINC_08_02_2013-EX-10-COLLABORATION AGREEMENT::p0092,2.12,False,2,115,True,0.12
Q078,Ip Ownership Assignment,MACROGENICSINC_08_02_2013-EX-10-COLLABORATION AGREEMENT,MACROGENICSINC_08_02_2013-EX-10-COLLABORATION AGREEMENT::p0093,para:MACROGENICSINC_08_02_2013-EX-10-COLLABORATION AGREEMENT::p0093,1.56,False,3,115,True,0.22
Q078,Ip Ownership Assignment,MACROGENICSINC_08_02_2013-EX-10-COLLABORATION AGREEMENT,MACROGENICSINC_08_02_2013-EX-10-COLLABORATION AGREEMENT::p0040,para:MACROGENICSINC_08_02_2013-EX-10-COLLABORATION AGREEMENT::p0040,0.92,False,4,115,True,0.72
Q078,Ip Ownership Assignment,MACROGENICSINC_08_02_2013-EX-10-COLLABORATION AGREEMENT,MACROGENICSINC_08_02_2013-EX-10-COLLABORATION AGREEMENT::p0111,para:MACROGENICSINC_08_02_2013-EX-10-COLLABORATION AGREEMENT::p0111,0.32,False,5,115,True,0.68
Q078,Ip Ownership Assignment,MACROGENICSINC_08_02_2013-EX-10-COLLABORATION AGREEMENT,MACROGENICSINC_08_02_2013-EX-10-COLLABORATION AGREEMENT::p0088,para:MACROGENICSINC_08_02_2013-EX-10-COLLABORATION AGREEMENT::p0088,0.24,False,6,115,True,0.76
Q078,Ip Ownership Assignment,MACROGENICSINC_08_02_2013-EX-10-COLLABORATION AGREEMENT,MACROGENICSINC_08_02_2013-EX-10-COLLABORATION AGREEMENT::p0112,para:MACROGENICSINC_08_02_2013-EX-10-COLLABORATION AGREEMENT::p0112,0.19,False,7,115,True,0.81
Q078,Ip Ownership Assignment,MACROGENICSINC_08_02_2013-EX-10-COLLABORATION AGREEMENT,MACROGENICSINC_08_02_2013-EX-10-COLLABORATION AGREEMENT::p0001,para:MACROGENICSINC_08_02_2013-EX-10-COLLABORATION AGREEMENT::p0001,0.08,False,8,115,True,0.92
Q078,Ip Ownership Assignment,MACROGENICSINC_08_02_2013-EX-10-COLLABORATION AGREEMENT,MACROGENICSINC_08_02_2013-EX-10-COLLABORATION AGREEMENT::p0103,para:MACROGENICSINC_08_02_2013-EX-10-COLLABORATION AGREEMENT::p0103,0.05,False,9,115,True,0.95
Q078,Ip Ownership Assignment,MACROGENICSINC_08_02_2013-EX-10-COLLABORATION AGREEMENT,MACROGENICSINC_08_02_2013-EX-10-COLLABORATION AGREEMENT::p0102,para:MACROGENICSINC_08_02_2013-EX-10-COLLABORATION AGREEMENT::p0102,0.02,False,10,115,True,0.98
Q079,Parties,PhasebioPharmaceuticalsInc_20200330_10-K_EX-10.21_12086810_EX-10.21_Development Agreement,PhasebioPharmaceuticalsInc_20200330_10-K_EX-10.21_12086810_EX-10.21_Development Agreement::p0000,para:PhasebioPharmaceuticalsInc_20200330_10-K_EX-10.21_12086810_EX-10.21_Development Agreement::p0000,2.99,True,1,204,True,0.99
Q079,Parties,PhasebioPharmaceuticalsInc_20200330_10-K_EX-10.21_12086810_EX-10.21_Development Agreement,PhasebioPharmaceuticalsInc_20200330_10-K_EX-10.21_12086810_EX-10.21_Development Agreement::p0236,para:PhasebioPharmaceuticalsInc_20200330_10-K_EX-10.21_12086810_EX-10.21_Development Agreement::p0236,1.89,False,2,204,True,0.05
Q079,Parties,PhasebioPharmaceuticalsInc_20200330_10-K_EX-10.21_12086810_EX-10.21_Development Agreement,PhasebioPharmaceuticalsInc_20200330_10-K_EX-10.21_12086810_EX-10.21_Development Agreement::p0075,para:PhasebioPharmaceuticalsInc_20200330_10-K_EX-10.21_12086810_EX-10.21_Development Agreement::p0075,1.7,False,3,204,True,0.18
Q079,Parties,PhasebioPharmaceuticalsInc_20200330_10-K_EX-10.21_12086810_EX-10.21_Development Agreement,PhasebioPharmaceuticalsInc_20200330_10-K_EX-10.21_12086810_EX-10.21_Development Agreement::p0166,para:PhasebioPharmaceuticalsInc_20200330_10-K_EX-10.21_12086810_EX-10.21_Development Agreement::p0166,1.29,False,4,204,True,0.4
Q079,Parties,PhasebioPharmaceuticalsInc_20200330_10-K_EX-10.21_12086810_EX-10.21_Development Agreement,PhasebioPharmaceuticalsInc_20200330_10-K_EX-10.21_12086810_EX-10.21_Development Agreement::p0071,para:PhasebioPharmaceuticalsInc_20200330_10-K_EX-10.21_12086810_EX-10.21_Development Agreement::p0071,1.25,False,5,204,True,0.4
Q079,Parties,PhasebioPharmaceuticalsInc_20200330_10-K_EX-10.21_12086810_EX-10.21_Development Agreement,PhasebioPharmaceuticalsInc_20200330_10-K_EX-10.21_12086810_EX-10.21_Development Agreement::p0109,para:PhasebioPharmaceuticalsInc_20200330_10-K_EX-10.21_12086810_EX-10.21_Development Agreement::p0109,1.22,False,6,204,True,0.43
Q079,Parties,PhasebioPharmaceuticalsInc_20200330_10-K_EX-10.21_12086810_EX-10.21_Development Agreement,PhasebioPharmaceuticalsInc_20200330_10-K_EX-10.21_12086810_EX-10.21_Development Agreement::p0122,para:PhasebioPharmaceuticalsInc_20200330_10-K_EX-10.21_12086810_EX-10.21_Development Agreement::p0122,0.95,False,7,204,True,0.53
Q079,Parties,PhasebioPharmaceuticalsInc_20200330_10-K_EX-10.21_12086810_EX-10.21_Development Agreement,PhasebioPharmaceuticalsInc_20200330_10-K_EX-10.21_12086810_EX-10.21_Development Agreement::p0228,para:PhasebioPharmaceuticalsInc_20200330_10-K_EX-10.21_12086810_EX-10.21_Development Agreement::p0228,0.83,False,8,204,True,0.41
Q079,Parties,PhasebioPharmaceuticalsInc_20200330_10-K_EX-10.21_12086810_EX-10.21_Development Agreement,PhasebioPharmaceuticalsInc_20200330_10-K_EX-10.21_12086810_EX-10.21_Development Agreement::p0225,para:PhasebioPharmaceuticalsInc_20200330_10-K_EX-10.21_12086810_EX-10.21_Development Agreement::p0225,0.8,False,9,204,True,0.45
Q079,Parties,PhasebioPharmaceuticalsInc_20200330_10-K_EX-10.21_12086810_EX-10.21_Development Agreement,PhasebioPharmaceuticalsInc_20200330_10-K_EX-10.21_12086810_EX-10.21_Development Agreement::p0235,para:PhasebioPharmaceuticalsInc_20200330_10-K_EX-10.21_12086810_EX-10.21_Development Agreement::p0235,0.71,False,10,204,True,0.29
Q080,Governing Law,"KIROMICBIOPHARMA,INC_05_11_2020-EX-10.23-CONSULTING AGREEMENT","KIROMICBIOPHARMA,INC_05_11_2020-EX-10.23-CONSULTING AGREEMENT::p0009","para:KIROMICBIOPHARMA,INC_05_11_2020-EX-10.23-CONSULTING AGREEMENT::p0009",3.0,True,1,2,False,1.0
Q080,Governing Law,"KIROMICBIOPHARMA,INC_05_11_2020-EX-10.23-CONSULTING AGREEMENT","KIROMICBIOPHARMA,INC_05_11_2020-EX-10.23-CONSULTING AGREEMENT::p0012","para:KIROMICBIOPHARMA,INC_05_11_2020-EX-10.23-CONSULTING AGREEMENT::p0012",2.07,False,2,2,False,0.07
Q080,Governing Law,"KIROMICBIOPHARMA,INC_05_11_2020-EX-10.23-CONSULTING AGREEMENT","KIROMICBIOPHARMA,INC_05_11_2020-EX-10.23-CONSULTING AGREEMENT::p0011","para:KIROMICBIOPHARMA,INC_05_11_2020-EX-10.23-CONSULTING AGREEMENT::p0011",0.16,False,3,2,False,0.84
Q080,Governing Law,"KIROMICBIOPHARMA,INC_05_11_2020-EX-10.23-CONSULTING AGREEMENT","KIROMICBIOPHARMA,INC_05_11_2020-EX-10.23-CONSULTING AGREEMENT::p0013","para:KIROMICBIOPHARMA,INC_05_11_2020-EX-10.23-CONSULTING AGREEMENT::p0013",0.02,False,4,2,False,0.98
Q080,Governing Law,"KIROMICBIOPHARMA,INC_05_11_2020-EX-10.23-CONSULTING AGREEMENT","KIROMICBIOPHARMA,INC_05_11_2020-EX-10.23-CONSULTING AGREEMENT::p0004","para:KIROMICBIOPHARMA,INC_05_11_2020-EX-10.23-CONSULTING AGREEMENT::p0004",0.01,False,5,2,False,0.99
Q080,Governing Law,"KIROMICBIOPHARMA,INC_05_11_2020-EX-10.23-CONSULTING AGREEMENT","KIROMICBIOPHARMA,INC_05_11_2020-EX-10.23-CONSULTING AGREEMENT::p0005","para:KIROMICBIOPHARMA,INC_05_11_2020-EX-10.23-CONSULTING AGREEMENT::p0005",0.01,False,6,2,False,0.99
Q080,Governing Law,"KIROMICBIOPHARMA,INC_05_11_2020-EX-10.23-CONSULTING AGREEMENT","KIROMICBIOPHARMA,INC_05_11_2020-EX-10.23-CONSULTING AGREEMENT::p0007","para:KIROMICBIOPHARMA,INC_05_11_2020-EX-10.23-CONSULTING AGREEMENT::p0007",0.0,False,7,2,False,1.0
Q080,Governing Law,"KIROMICBIOPHARMA,INC_05_11_2020-EX-10.23-CONSULTING AGREEMENT","KIROMICBIOPHARMA,INC_05_11_2020-EX-10.23-CONSULTING AGREEMENT::p0001","para:KIROMICBIOPHARMA,INC_05_11_2020-EX-10.23-CONSULTING AGREEMENT::p0001",0.0,False,8,2,False,1.0
Q080,Governing Law,"KIROMICBIOPHARMA,INC_05_11_2020-EX-10.23-CONSULTING AGREEMENT","KIROMICBIOPHARMA,INC_05_11_2020-EX-10.23-CONSULTING AGREEMENT::p0002","para:KIROMICBIOPHARMA,INC_05_11_2020-EX-10.23-CONSULTING AGREEMENT::p0002",0.0,False,9,2,False,1.0
Q080,Governing Law,"KIROMICBIOPHARMA,INC_05_11_2020-EX-10.23-CONSULTING AGREEMENT","KIROMICBIOPHARMA,INC_05_11_2020-EX-10.23-CONSULTING AGREEMENT::p0008","para:KIROMICBIOPHARMA,INC_05_11_2020-EX-10.23-CONSULTING AGREEMENT::p0008",0.0,False,10,2,False,1.0
Q081,Uncapped Liability,GopageCorp_20140221_10-K_EX-10.1_8432966_EX-10.1_Content License Agreement,GopageCorp_20140221_10-K_EX-10.1_8432966_EX-10.1_Content License Agreement::p0022,para:GopageCorp_20140221_10-K_EX-10.1_8432966_EX-10.1_Content License Agreement::p0022,2.47,True,1,1,False,0.47
Q081,Uncapped Liability,GopageCorp_20140221_10-K_EX-10.1_8432966_EX-10.1_Content License Agreement,GopageCorp_20140221_10-K_EX-10.1_8432966_EX-10.1_Content License Agreement::p0021,para:GopageCorp_20140221_10-K_EX-10.1_8432966_EX-10.1_Content License Agreement::p0021,1.79,False,2,1,False,0.0
Q081,Uncapped Liability,GopageCorp_20140221_10-K_EX-10.1_8432966_EX-10.1_Content License Agreement,GopageCorp_20140221_10-K_EX-10.1_8432966_EX-10.1_Content License Agreement::p0020,para:GopageCorp_20140221_10-K_EX-10.1_8432966_EX-10.1_Content License Agreement::p0020,1.43,False,3,1,False,0.2
Q081,Uncapped Liability,GopageCorp_20140221_10-K_EX-10.1_8432966_EX-10.1_Content License Agreement,GopageCorp_20140221_10-K_EX-10.1_8432966_EX-10.1_Content License Agreement::p0023,para:GopageCorp_20140221_10-K_EX-10.1_8432966_EX-10.1_Content License Agreement::p0023,1.03,False,4,1,False,0.37
Q081,Uncapped Liability,GopageCorp_20140221_10-K_EX-10.1_8432966_EX-10.1_Content License Agreement,GopageCorp_20140221_10-K_EX-10.1_8432966_EX-10.1_Content License Agreement::p0004,para:GopageCorp_20140221_10-K_EX-10.1_8432966_EX-10.1_Content License Agreement::p0004,0.24,False,5,1,False,0.76
Q081,Uncapped Liability,GopageCorp_20140221_10-K_EX-10.1_8432966_EX-10.1_Content License Agreement,GopageCorp_20140221_10-K_EX-10.1_8432966_EX-10.1_Content License Agreement::p0024,para:GopageCorp_20140221_10-K_EX-10.1_8432966_EX-10.1_Content License Agreement::p0024,0.22,False,6,1,False,0.78
Q081,Uncapped Liability,GopageCorp_20140221_10-K_EX-10.1_8432966_EX-10.1_Content License Agreement,GopageCorp_20140221_10-K_EX-10.1_8432966_EX-10.1_Content License Agreement::p0008,para:GopageCorp_20140221_10-K_EX-10.1_8432966_EX-10.1_Content License Agreement::p0008,0.22,False,7,1,False,0.78
Q081,Uncapped Liability,GopageCorp_20140221_10-K_EX-10.1_8432966_EX-10.1_Content License Agreement,GopageCorp_20140221_10-K_EX-10.1_8432966_EX-10.1_Content License Agreement::p0018,para:GopageCorp_20140221_10-K_EX-10.1_8432966_EX-10.1_Content License Agreement::p0018,0.15,False,8,1,False,0.85
Q081,Uncapped Liability,GopageCorp_20140221_10-K_EX-10.1_8432966_EX-10.1_Content License Agreement,GopageCorp_20140221_10-K_EX-10.1_8432966_EX-10.1_Content License Agreement::p0016,para:GopageCorp_20140221_10-K_EX-10.1_8432966_EX-10.1_Content License Agreement::p0016,0.04,False,9,1,False,0.96
Q081,Uncapped Liability,GopageCorp_20140221_10-K_EX-10.1_8432966_EX-10.1_Content License Agreement,GopageCorp_20140221_10-K_EX-10.1_8432966_EX-10.1_Content License Agreement::p0025,para:GopageCorp_20140221_10-K_EX-10.1_8432966_EX-10.1_Content License Agreement::p0025,0.04,False,10,1,False,0.96
Q082,Expiration Date,HarpoonTherapeuticsInc_20200312_10-K_EX-10.18_12051356_EX-10.18_Development Agreement,HarpoonTherapeuticsInc_20200312_10-K_EX-10.18_12051356_EX-10.18_Development Agreement::p0175,para:HarpoonTherapeuticsInc_20200312_10-K_EX-10.18_12051356_EX-10.18_Development Agreement::p0175,2.27,True,1,1,False,0.27
Q082,Expiration Date,HarpoonTherapeuticsInc_20200312_10-K_EX-10.18_12051356_EX-10.18_Development Agreement,HarpoonTherapeuticsInc_20200312_10-K_EX-10.18_12051356_EX-10.18_Development Agreement::p0055,para:HarpoonTherapeuticsInc_20200312_10-K_EX-10.18_12051356_EX-10.18_Development Agreement::p0055,1.39,False,2,1,False,0.32
Q082,Expiration Date,HarpoonTherapeuticsInc_20200312_10-K_EX-10.18_12051356_EX-10.18_Development Agreement,HarpoonTherapeuticsInc_20200312_10-K_EX-10.18_12051356_EX-10.18_Development Agreement::p0036,para:HarpoonTherapeuticsInc_20200312_10-K_EX-10.18_12051356_EX-10.18_Development Agreement::p0036,1.01,False,3,1,False,0.47
Q082,Expiration Date,HarpoonTherapeuticsInc_20200312_10-K_EX-10.18_12051356_EX-10.18_Development Agreement,HarpoonTherapeuticsInc_20200312_10-K_EX-10.18_12051356_EX-10.18_Development Agreement::p0163,para:HarpoonTherapeuticsInc_20200312_10-K_EX-10.18_12051356_EX-10.18_Development Agreement::p0163,0.74,False,4,1,False,0.58
Q082,Expiration Date,HarpoonTherapeuticsInc_20200312_10-K_EX-10.18_12051356_EX-10.18_Development Agreement,HarpoonTherapeuticsInc_20200312_10-K_EX-10.18_12051356_EX-10.18_Development Agreement::p0009,para:HarpoonTherapeuticsInc_20200312_10-K_EX-10.18_12051356_EX-10.18_Development Agreement::p0009,0.7,False,5,1,False,0.3
Q082,Expiration Date,HarpoonTherapeuticsInc_20200312_10-K_EX-10.18_12051356_EX-10.18_Development Agreement,HarpoonTherapeuticsInc_20200312_10-K_EX-10.18_12051356_EX-10.18_Development Agreement::p0188,para:HarpoonTherapeuticsInc_20200312_10-K_EX-10.18_12051356_EX-10.18_Development Agreement::p0188,0.36,False,6,1,False,0.64
Q082,Expiration Date,HarpoonTherapeuticsInc_20200312_10-K_EX-10.18_12051356_EX-10.18_Development Agreement,HarpoonTherapeuticsInc_20200312_10-K_EX-10.18_12051356_EX-10.18_Development Agreement::p0064,para:HarpoonTherapeuticsInc_20200312_10-K_EX-10.18_12051356_EX-10.18_Development Agreement::p0064,0.1,False,7,1,False,0.9
Q082,Expiration Date,HarpoonTherapeuticsInc_20200312_10-K_EX-10.18_12051356_EX-10.18_Development Agreement,HarpoonTherapeuticsInc_20200312_10-K_EX-10.18_12051356_EX-10.18_Development Agreement::p0056,para:HarpoonTherapeuticsInc_20200312_10-K_EX-10.18_12051356_EX-10.18_Development Agreement::p0056,0.07,False,8,1,False,0.93
Q082,Expiration Date,HarpoonTherapeuticsInc_20200312_10-K_EX-10.18_12051356_EX-10.18_Development Agreement,HarpoonTherapeuticsInc_20200312_10-K_EX-10.18_12051356_EX-10.18_Development Agreement::p0043,para:HarpoonTherapeuticsInc_20200312_10-K_EX-10.18_12051356_EX-10.18_Development Agreement::p0043,0.04,False,9,1,False,0.96
Q082,Expiration Date,HarpoonTherapeuticsInc_20200312_10-K_EX-10.18_12051356_EX-10.18_Development Agreement,HarpoonTherapeuticsInc_20200312_10-K_EX-10.18_12051356_EX-10.18_Development Agreement::p0028,para:HarpoonTherapeuticsInc_20200312_10-K_EX-10.18_12051356_EX-10.18_Development Agreement::p0028,0.04,False,10,1,False,0.96
Q083,Document Name,FreezeTagInc_20180411_8-K_EX-10.1_11139603_EX-10.1_Sponsorship Agreement,FreezeTagInc_20180411_8-K_EX-10.1_11139603_EX-10.1_Sponsorship Agreement::p0001,para:FreezeTagInc_20180411_8-K_EX-10.1_11139603_EX-10.1_Sponsorship Agreement::p0001,2.97,True,1,16,True,0.97
Q083,Document Name,FreezeTagInc_20180411_8-K_EX-10.1_11139603_EX-10.1_Sponsorship Agreement,FreezeTagInc_20180411_8-K_EX-10.1_11139603_EX-10.1_Sponsorship Agreement::p0022,para:FreezeTagInc_20180411_8-K_EX-10.1_11139603_EX-10.1_Sponsorship Agreement::p0022,2.24,False,2,16,True,0.24
Q083,Document Name,FreezeTagInc_20180411_8-K_EX-10.1_11139603_EX-10.1_Sponsorship Agreement,FreezeTagInc_20180411_8-K_EX-10.1_11139603_EX-10.1_Sponsorship Agreement::p0015,para:FreezeTagInc_20180411_8-K_EX-10.1_11139603_EX-10.1_Sponsorship Agreement::p0015,1.87,False,3,16,True,0.0
Q083,Document Name,FreezeTagInc_20180411_8-K_EX-10.1_11139603_EX-10.1_Sponsorship Agreement,FreezeTagInc_20180411_8-K_EX-10.1_11139603_EX-10.1_Sponsorship Agreement::p0002,para:FreezeTagInc_20180411_8-K_EX-10.1_11139603_EX-10.1_Sponsorship Agreement::p0002,1.51,False,4,16,True,0.0
Q083,Document Name,FreezeTagInc_20180411_8-K_EX-10.1_11139603_EX-10.1_Sponsorship Agreement,FreezeTagInc_20180411_8-K_EX-10.1_11139603_EX-10.1_Sponsorship Agreement::p0005,para:FreezeTagInc_20180411_8-K_EX-10.1_11139603_EX-10.1_Sponsorship Agreement::p0005,1.26,False,5,16,True,0.0
Q083,Document Name,FreezeTagInc_20180411_8-K_EX-10.1_11139603_EX-10.1_Sponsorship Agreement,FreezeTagInc_20180411_8-K_EX-10.1_11139603_EX-10.1_Sponsorship Agreement::p0014,para:FreezeTagInc_20180411_8-K_EX-10.1_11139603_EX-10.1_Sponsorship Agreement::p0014,1.24,False,6,16,True,0.29
Q083,Document Name,FreezeTagInc_20180411_8-K_EX-10.1_11139603_EX-10.1_Sponsorship Agreement,FreezeTagInc_20180411_8-K_EX-10.1_11139603_EX-10.1_Sponsorship Agreement::p0004,para:FreezeTagInc_20180411_8-K_EX-10.1_11139603_EX-10.1_Sponsorship Agreement::p0004,1.19,False,7,16,True,0.2
Q083,Document Name,FreezeTagInc_20180411_8-K_EX-10.1_11139603_EX-10.1_Sponsorship Agreement,FreezeTagInc_20180411_8-K_EX-10.1_11139603_EX-10.1_Sponsorship Agreement::p0023,para:FreezeTagInc_20180411_8-K_EX-10.1_11139603_EX-10.1_Sponsorship Agreement::p0023,1.17,False,8,16,True,0.0
Q083,Document Name,FreezeTagInc_20180411_8-K_EX-10.1_11139603_EX-10.1_Sponsorship Agreement,FreezeTagInc_20180411_8-K_EX-10.1_11139603_EX-10.1_Sponsorship Agreement::p0011,para:FreezeTagInc_20180411_8-K_EX-10.1_11139603_EX-10.1_Sponsorship Agreement::p0011,0.9,False,9,16,True,0.1
Q083,Document Name,FreezeTagInc_20180411_8-K_EX-10.1_11139603_EX-10.1_Sponsorship Agreement,FreezeTagInc_20180411_8-K_EX-10.1_11139603_EX-10.1_Sponsorship Agreement::p0003,para:FreezeTagInc_20180411_8-K_EX-10.1_11139603_EX-10.1_Sponsorship Agreement::p0003,0.6,False,10,16,True,0.4
Q084,Cap On Liability,LinkPlusCorp_20050802_8-K_EX-10_3240252_EX-10_Affiliate Agreement,LinkPlusCorp_20050802_8-K_EX-10_3240252_EX-10_Affiliate Agreement::p0015,para:LinkPlusCorp_20050802_8-K_EX-10_3240252_EX-10_Affiliate Agreement::p0015,2.28,True,1,12,True,0.28
Q084,Cap On Liability,LinkPlusCorp_20050802_8-K_EX-10_3240252_EX-10_Affiliate Agreement,LinkPlusCorp_20050802_8-K_EX-10_3240252_EX-10_Affiliate Agreement::p0002,para:LinkPlusCorp_20050802_8-K_EX-10_3240252_EX-10_Affiliate Agreement::p0002,1.21,False,2,12,True,0.18
Q084,Cap On Liability,LinkPlusCorp_20050802_8-K_EX-10_3240252_EX-10_Affiliate Agreement,LinkPlusCorp_20050802_8-K_EX-10_3240252_EX-10_Affiliate Agreement::p0012,para:LinkPlusCorp_20050802_8-K_EX-10_3240252_EX-10_Affiliate Agreement::p0012,0.82,False,3,12,True,0.49
Q084,Cap On Liability,LinkPlusCorp_20050802_8-K_EX-10_3240252_EX-10_Affiliate Agreement,LinkPlusCorp_20050802_8-K_EX-10_3240252_EX-10_Affiliate Agreement::p0003,para:LinkPlusCorp_20050802_8-K_EX-10_3240252_EX-10_Affiliate Agreement::p0003,0.32,False,4,12,True,0.68
Q084,Cap On Liability,LinkPlusCorp_20050802_8-K_EX-10_3240252_EX-10_Affiliate Agreement,LinkPlusCorp_20050802_8-K_EX-10_3240252_EX-10_Affiliate Agreement::p0017,para:LinkPlusCorp_20050802_8-K_EX-10_3240252_EX-10_Affiliate Agreement::p0017,0.07,False,5,12,True,0.93
Q084,Cap On Liability,LinkPlusCorp_20050802_8-K_EX-10_3240252_EX-10_Affiliate Agreement,LinkPlusCorp_20050802_8-K_EX-10_3240252_EX-10_Affiliate Agreement::p0016,para:LinkPlusCorp_20050802_8-K_EX-10_3240252_EX-10_Affiliate Agreement::p0016,0.04,False,6,12,True,0.96
Q084,Cap On Liability,LinkPlusCorp_20050802_8-K_EX-10_3240252_EX-10_Affiliate Agreement,LinkPlusCorp_20050802_8-K_EX-10_3240252_EX-10_Affiliate Agreement::p0010,para:LinkPlusCorp_20050802_8-K_EX-10_3240252_EX-10_Affiliate Agreement::p0010,0.03,False,7,12,True,0.97
Q084,Cap On Liability,LinkPlusCorp_20050802_8-K_EX-10_3240252_EX-10_Affiliate Agreement,LinkPlusCorp_20050802_8-K_EX-10_3240252_EX-10_Affiliate Agreement::p0001,para:LinkPlusCorp_20050802_8-K_EX-10_3240252_EX-10_Affiliate Agreement::p0001,0.0,False,8,12,True,1.0
Q084,Cap On Liability,LinkPlusCorp_20050802_8-K_EX-10_3240252_EX-10_Affiliate Agreement,LinkPlusCorp_20050802_8-K_EX-10_3240252_EX-10_Affiliate Agreement::p0004,para:LinkPlusCorp_20050802_8-K_EX-10_3240252_EX-10_Affiliate Agreement::p0004,0.0,False,9,12,True,1.0
Q084,Cap On Liability,LinkPlusCorp_20050802_8-K_EX-10_3240252_EX-10_Affiliate Agreement,LinkPlusCorp_20050802_8-K_EX-10_3240252_EX-10_Affiliate Agreement::p0014,para:LinkPlusCorp_20050802_8-K_EX-10_3240252_EX-10_Affiliate Agreement::p0014,0.0,False,10,12,True,1.0
Q085,Audit Rights,"CERES,INC_01_25_2012-EX-10.20-Collaboration Agreement","CERES,INC_01_25_2012-EX-10.20-Collaboration Agreement::p0109","para:CERES,INC_01_25_2012-EX-10.20-Collaboration Agreement::p0109",3.0,False,1,86,True,1.0
Q085,Audit Rights,"CERES,INC_01_25_2012-EX-10.20-Collaboration Agreement","CERES,INC_01_25_2012-EX-10.20-Collaboration Agreement::p0040","para:CERES,INC_01_25_2012-EX-10.20-Collaboration Agreement::p0040",2.99,False,2,86,True,0.99
Q085,Audit Rights,"CERES,INC_01_25_2012-EX-10.20-Collaboration Agreement","CERES,INC_01_25_2012-EX-10.20-Collaboration Agreement::p0003","para:CERES,INC_01_25_2012-EX-10.20-Collaboration Agreement::p0003",2.18,True,3,86,True,0.59
Q085,Audit Rights,"CERES,INC_01_25_2012-EX-10.20-Collaboration Agreement","CERES,INC_01_25_2012-EX-10.20-Collaboration Agreement::p0110","para:CERES,INC_01_25_2012-EX-10.20-Collaboration Agreement::p0110",0.98,False,4,86,True,0.38
Q085,Audit Rights,"CERES,INC_01_25_2012-EX-10.20-Collaboration Agreement","CERES,INC_01_25_2012-EX-10.20-Collaboration Agreement::p0143","para:CERES,INC_01_25_2012-EX-10.20-Collaboration Agreement::p0143",0.96,False,5,86,True,0.68
Q085,Audit Rights,"CERES,INC_01_25_2012-EX-10.20-Collaboration Agreement","CERES,INC_01_25_2012-EX-10.20-Collaboration Agreement::p0050","para:CERES,INC_01_25_2012-EX-10.20-Collaboration Agreement::p0050",0.01,False,6,86,True,0.99
Q085,Audit Rights,"CERES,INC_01_25_2012-EX-10.20-Collaboration Agreement","CERES,INC_01_25_2012-EX-10.20-Collaboration Agreement::p0071","para:CERES,INC_01_25_2012-EX-10.20-Collaboration Agreement::p0071",0.01,False,7,86,True,0.99
Q085,Audit Rights,"CERES,INC_01_25_2012-EX-10.20-Collaboration Agreement","CERES,INC_01_25_2012-EX-10.20-Collaboration Agreement::p0043","para:CERES,INC_01_25_2012-EX-10.20-Collaboration Agreement::p0043",0.01,False,8,86,True,0.99
Q085,Audit Rights,"CERES,INC_01_25_2012-EX-10.20-Collaboration Agreement","CERES,INC_01_25_2012-EX-10.20-Collaboration Agreement::p0045","para:CERES,INC_01_25_2012-EX-10.20-Collaboration Agreement::p0045",0.01,False,9,86,True,0.99
Q085,Audit Rights,"CERES,INC_01_25_2012-EX-10.20-Collaboration Agreement","CERES,INC_01_25_2012-EX-10.20-Collaboration Agreement::p0082","para:CERES,INC_01_25_2012-EX-10.20-Collaboration Agreement::p0082",0.0,False,10,86,True,1.0
Q086,Audit Rights,PfHospitalityGroupInc_20150923_10-12G_EX-10.1_9266710_EX-10.1_Franchise Agreement1,PfHospitalityGroupInc_20150923_10-12G_EX-10.1_9266710_EX-10.1_Franchise Agreement1::p0059,para:PfHospitalityGroupInc_20150923_10-12G_EX-10.1_9266710_EX-10.1_Franchise Agreement1::p0059,3.0,False,1,2,False,1.0
Q086,Audit Rights,PfHospitalityGroupInc_20150923_10-12G_EX-10.1_9266710_EX-10.1_Franchise Agreement1,PfHospitalityGroupInc_20150923_10-12G_EX-10.1_9266710_EX-10.1_Franchise Agreement1::p0060,para:PfHospitalityGroupInc_20150923_10-12G_EX-10.1_9266710_EX-10.1_Franchise Agreement1::p0060,2.87,True,2,2,False,0.87
Q086,Audit Rights,PfHospitalityGroupInc_20150923_10-12G_EX-10.1_9266710_EX-10.1_Franchise Agreement1,PfHospitalityGroupInc_20150923_10-12G_EX-10.1_9266710_EX-10.1_Franchise Agreement1::p0090,para:PfHospitalityGroupInc_20150923_10-12G_EX-10.1_9266710_EX-10.1_Franchise Agreement1::p0090,2.46,False,3,2,False,0.46
Q086,Audit Rights,PfHospitalityGroupInc_20150923_10-12G_EX-10.1_9266710_EX-10.1_Franchise Agreement1,PfHospitalityGroupInc_20150923_10-12G_EX-10.1_9266710_EX-10.1_Franchise Agreement1::p0063,para:PfHospitalityGroupInc_20150923_10-12G_EX-10.1_9266710_EX-10.1_Franchise Agreement1::p0063,1.39,False,4,2,False,0.52
Q086,Audit Rights,PfHospitalityGroupInc_20150923_10-12G_EX-10.1_9266710_EX-10.1_Franchise Agreement1,PfHospitalityGroupInc_20150923_10-12G_EX-10.1_9266710_EX-10.1_Franchise Agreement1::p0058,para:PfHospitalityGroupInc_20150923_10-12G_EX-10.1_9266710_EX-10.1_Franchise Agreement1::p0058,0.91,False,5,2,False,0.66
Q086,Audit Rights,PfHospitalityGroupInc_20150923_10-12G_EX-10.1_9266710_EX-10.1_Franchise Agreement1,PfHospitalityGroupInc_20150923_10-12G_EX-10.1_9266710_EX-10.1_Franchise Agreement1::p0057,para:PfHospitalityGroupInc_20150923_10-12G_EX-10.1_9266710_EX-10.1_Franchise Agreement1::p0057,0.65,False,6,2,False,0.59
Q086,Audit Rights,PfHospitalityGroupInc_20150923_10-12G_EX-10.1_9266710_EX-10.1_Franchise Agreement1,PfHospitalityGroupInc_20150923_10-12G_EX-10.1_9266710_EX-10.1_Franchise Agreement1::p0044,para:PfHospitalityGroupInc_20150923_10-12G_EX-10.1_9266710_EX-10.1_Franchise Agreement1::p0044,0.51,False,7,2,False,0.49
Q086,Audit Rights,PfHospitalityGroupInc_20150923_10-12G_EX-10.1_9266710_EX-10.1_Franchise Agreement1,PfHospitalityGroupInc_20150923_10-12G_EX-10.1_9266710_EX-10.1_Franchise Agreement1::p0081,para:PfHospitalityGroupInc_20150923_10-12G_EX-10.1_9266710_EX-10.1_Franchise Agreement1::p0081,0.08,False,8,2,False,0.92
Q086,Audit Rights,PfHospitalityGroupInc_20150923_10-12G_EX-10.1_9266710_EX-10.1_Franchise Agreement1,PfHospitalityGroupInc_20150923_10-12G_EX-10.1_9266710_EX-10.1_Franchise Agreement1::p0107,para:PfHospitalityGroupInc_20150923_10-12G_EX-10.1_9266710_EX-10.1_Franchise Agreement1::p0107,0.01,False,9,2,False,0.99
Q086,Audit Rights,PfHospitalityGroupInc_20150923_10-12G_EX-10.1_9266710_EX-10.1_Franchise Agreement1,PfHospitalityGroupInc_20150923_10-12G_EX-10.1_9266710_EX-10.1_Franchise Agreement1::p0087,para:PfHospitalityGroupInc_20150923_10-12G_EX-10.1_9266710_EX-10.1_Franchise Agreement1::p0087,0.0,False,10,2,False,1.0
Q087,Exclusivity,BIOFRONTERAAG_04_29_2019-EX-4.17-SUPPLY AGREEMENT,BIOFRONTERAAG_04_29_2019-EX-4.17-SUPPLY AGREEMENT::p0007,para:BIOFRONTERAAG_04_29_2019-EX-4.17-SUPPLY AGREEMENT::p0007,3.0,True,1,9,False,1.0
Q087,Exclusivity,BIOFRONTERAAG_04_29_2019-EX-4.17-SUPPLY AGREEMENT,BIOFRONTERAAG_04_29_2019-EX-4.17-SUPPLY AGREEMENT::p0015,para:BIOFRONTERAAG_04_29_2019-EX-4.17-SUPPLY AGREEMENT::p0015,0.39,False,2,9,False,0.61
Q087,Exclusivity,BIOFRONTERAAG_04_29_2019-EX-4.17-SUPPLY AGREEMENT,BIOFRONTERAAG_04_29_2019-EX-4.17-SUPPLY AGREEMENT::p0003,para:BIOFRONTERAAG_04_29_2019-EX-4.17-SUPPLY AGREEMENT::p0003,0.07,False,3,9,False,0.93
Q087,Exclusivity,BIOFRONTERAAG_04_29_2019-EX-4.17-SUPPLY AGREEMENT,BIOFRONTERAAG_04_29_2019-EX-4.17-SUPPLY AGREEMENT::p0025,para:BIOFRONTERAAG_04_29_2019-EX-4.17-SUPPLY AGREEMENT::p0025,0.05,False,4,9,False,0.95
Q087,Exclusivity,BIOFRONTERAAG_04_29_2019-EX-4.17-SUPPLY AGREEMENT,BIOFRONTERAAG_04_29_2019-EX-4.17-SUPPLY AGREEMENT::p0033,para:BIOFRONTERAAG_04_29_2019-EX-4.17-SUPPLY AGREEMENT::p0033,0.01,False,5,9,False,0.99
Q087,Exclusivity,BIOFRONTERAAG_04_29_2019-EX-4.17-SUPPLY AGREEMENT,BIOFRONTERAAG_04_29_2019-EX-4.17-SUPPLY AGREEMENT::p0022,para:BIOFRONTERAAG_04_29_2019-EX-4.17-SUPPLY AGREEMENT::p0022,0.01,False,6,9,False,0.99
Q087,Exclusivity,BIOFRONTERAAG_04_29_2019-EX-4.17-SUPPLY AGREEMENT,BIOFRONTERAAG_04_29_2019-EX-4.17-SUPPLY AGREEMENT::p0031,para:BIOFRONTERAAG_04_29_2019-EX-4.17-SUPPLY AGREEMENT::p0031,0.01,False,7,9,False,0.99
Q087,Exclusivity,BIOFRONTERAAG_04_29_2019-EX-4.17-SUPPLY AGREEMENT,BIOFRONTERAAG_04_29_2019-EX-4.17-SUPPLY AGREEMENT::p0048,para:BIOFRONTERAAG_04_29_2019-EX-4.17-SUPPLY AGREEMENT::p0048,0.0,False,8,9,False,1.0
Q087,Exclusivity,BIOFRONTERAAG_04_29_2019-EX-4.17-SUPPLY AGREEMENT,BIOFRONTERAAG_04_29_2019-EX-4.17-SUPPLY AGREEMENT::p0035,para:BIOFRONTERAAG_04_29_2019-EX-4.17-SUPPLY AGREEMENT::p0035,0.0,False,9,9,False,1.0
Q087,Exclusivity,BIOFRONTERAAG_04_29_2019-EX-4.17-SUPPLY AGREEMENT,BIOFRONTERAAG_04_29_2019-EX-4.17-SUPPLY AGREEMENT::p0043,para:BIOFRONTERAAG_04_29_2019-EX-4.17-SUPPLY AGREEMENT::p0043,0.0,False,10,9,False,1.0
Q088,Audit Rights,"VAXCYTE,INC_05_22_2020-EX-10.19-SUPPLY AGREEMENT","VAXCYTE,INC_05_22_2020-EX-10.19-SUPPLY AGREEMENT::p0040","para:VAXCYTE,INC_05_22_2020-EX-10.19-SUPPLY AGREEMENT::p0040",3.0,False,1,7,False,1.0
Q088,Audit Rights,"VAXCYTE,INC_05_22_2020-EX-10.19-SUPPLY AGREEMENT","VAXCYTE,INC_05_22_2020-EX-10.19-SUPPLY AGREEMENT::p0047","para:VAXCYTE,INC_05_22_2020-EX-10.19-SUPPLY AGREEMENT::p0047",3.0,True,2,7,False,1.0
Q088,Audit Rights,"VAXCYTE,INC_05_22_2020-EX-10.19-SUPPLY AGREEMENT","VAXCYTE,INC_05_22_2020-EX-10.19-SUPPLY AGREEMENT::p0061","para:VAXCYTE,INC_05_22_2020-EX-10.19-SUPPLY AGREEMENT::p0061",2.91,False,3,7,False,0.91
Q088,Audit Rights,"VAXCYTE,INC_05_22_2020-EX-10.19-SUPPLY AGREEMENT","VAXCYTE,INC_05_22_2020-EX-10.19-SUPPLY AGREEMENT::p0028","para:VAXCYTE,INC_05_22_2020-EX-10.19-SUPPLY AGREEMENT::p0028",2.86,False,4,7,False,0.86
Q088,Audit Rights,"VAXCYTE,INC_05_22_2020-EX-10.19-SUPPLY AGREEMENT","VAXCYTE,INC_05_22_2020-EX-10.19-SUPPLY AGREEMENT::p0049","para:VAXCYTE,INC_05_22_2020-EX-10.19-SUPPLY AGREEMENT::p0049",2.14,False,5,7,False,0.4
Q088,Audit Rights,"VAXCYTE,INC_05_22_2020-EX-10.19-SUPPLY AGREEMENT","VAXCYTE,INC_05_22_2020-EX-10.19-SUPPLY AGREEMENT::p0020","para:VAXCYTE,INC_05_22_2020-EX-10.19-SUPPLY AGREEMENT::p0020",0.11,False,6,7,False,0.89
Q088,Audit Rights,"VAXCYTE,INC_05_22_2020-EX-10.19-SUPPLY AGREEMENT","VAXCYTE,INC_05_22_2020-EX-10.19-SUPPLY AGREEMENT::p0036","para:VAXCYTE,INC_05_22_2020-EX-10.19-SUPPLY AGREEMENT::p0036",0.1,False,7,7,False,0.9
Q088,Audit Rights,"VAXCYTE,INC_05_22_2020-EX-10.19-SUPPLY AGREEMENT","VAXCYTE,INC_05_22_2020-EX-10.19-SUPPLY AGREEMENT::p0033","para:VAXCYTE,INC_05_22_2020-EX-10.19-SUPPLY AGREEMENT::p0033",0.08,False,8,7,False,0.92
Q088,Audit Rights,"VAXCYTE,INC_05_22_2020-EX-10.19-SUPPLY AGREEMENT","VAXCYTE,INC_05_22_2020-EX-10.19-SUPPLY AGREEMENT::p0053","para:VAXCYTE,INC_05_22_2020-EX-10.19-SUPPLY AGREEMENT::p0053",0.08,False,9,7,False,0.92
Q088,Audit Rights,"VAXCYTE,INC_05_22_2020-EX-10.19-SUPPLY AGREEMENT","VAXCYTE,INC_05_22_2020-EX-10.19-SUPPLY AGREEMENT::p0063","para:VAXCYTE,INC_05_22_2020-EX-10.19-SUPPLY AGREEMENT::p0063",0.01,False,10,7,False,0.99
Q089,Parties,TRICITYBANKSHARESCORP_05_15_1998-EX-10-OUTSOURCING AGREEMENT,TRICITYBANKSHARESCORP_05_15_1998-EX-10-OUTSOURCING AGREEMENT::p0004,para:TRICITYBANKSHARESCORP_05_15_1998-EX-10-OUTSOURCING AGREEMENT::p0004,2.98,True,1,47,True,0.98
Q089,Parties,TRICITYBANKSHARESCORP_05_15_1998-EX-10-OUTSOURCING AGREEMENT,TRICITYBANKSHARESCORP_05_15_1998-EX-10-OUTSOURCING AGREEMENT::p0005,para:TRICITYBANKSHARESCORP_05_15_1998-EX-10-OUTSOURCING AGREEMENT::p0005,2.09,False,2,47,True,0.09
Q089,Parties,TRICITYBANKSHARESCORP_05_15_1998-EX-10-OUTSOURCING AGREEMENT,TRICITYBANKSHARESCORP_05_15_1998-EX-10-OUTSOURCING AGREEMENT::p0011,para:TRICITYBANKSHARESCORP_05_15_1998-EX-10-OUTSOURCING AGREEMENT::p0011,1.79,False,3,47,True,0.33
Q089,Parties,TRICITYBANKSHARESCORP_05_15_1998-EX-10-OUTSOURCING AGREEMENT,TRICITYBANKSHARESCORP_05_15_1998-EX-10-OUTSOURCING AGREEMENT::p0028,para:TRICITYBANKSHARESCORP_05_15_1998-EX-10-OUTSOURCING AGREEMENT::p0028,1.43,False,4,47,True,0.35
Q089,Parties,TRICITYBANKSHARESCORP_05_15_1998-EX-10-OUTSOURCING AGREEMENT,TRICITYBANKSHARESCORP_05_15_1998-EX-10-OUTSOURCING AGREEMENT::p0076,para:TRICITYBANKSHARESCORP_05_15_1998-EX-10-OUTSOURCING AGREEMENT::p0076,1.42,False,5,47,True,0.37
Q089,Parties,TRICITYBANKSHARESCORP_05_15_1998-EX-10-OUTSOURCING AGREEMENT,TRICITYBANKSHARESCORP_05_15_1998-EX-10-OUTSOURCING AGREEMENT::p0026,para:TRICITYBANKSHARESCORP_05_15_1998-EX-10-OUTSOURCING AGREEMENT::p0026,1.29,False,6,47,True,0.39
Q089,Parties,TRICITYBANKSHARESCORP_05_15_1998-EX-10-OUTSOURCING AGREEMENT,TRICITYBANKSHARESCORP_05_15_1998-EX-10-OUTSOURCING AGREEMENT::p0012,para:TRICITYBANKSHARESCORP_05_15_1998-EX-10-OUTSOURCING AGREEMENT::p0012,1.23,False,7,47,True,0.47
Q089,Parties,TRICITYBANKSHARESCORP_05_15_1998-EX-10-OUTSOURCING AGREEMENT,TRICITYBANKSHARESCORP_05_15_1998-EX-10-OUTSOURCING AGREEMENT::p0070,para:TRICITYBANKSHARESCORP_05_15_1998-EX-10-OUTSOURCING AGREEMENT::p0070,1.1,False,8,47,True,0.58
Q089,Parties,TRICITYBANKSHARESCORP_05_15_1998-EX-10-OUTSOURCING AGREEMENT,TRICITYBANKSHARESCORP_05_15_1998-EX-10-OUTSOURCING AGREEMENT::p0073,para:TRICITYBANKSHARESCORP_05_15_1998-EX-10-OUTSOURCING AGREEMENT::p0073,0.95,False,9,47,True,0.58
Q089,Parties,TRICITYBANKSHARESCORP_05_15_1998-EX-10-OUTSOURCING AGREEMENT,TRICITYBANKSHARESCORP_05_15_1998-EX-10-OUTSOURCING AGREEMENT::p0006,para:TRICITYBANKSHARESCORP_05_15_1998-EX-10-OUTSOURCING AGREEMENT::p0006,0.71,False,10,47,True,0.29
Q090,Cap On Liability,ImpresseCorp_20000322_S-1A_EX-10.11_5199234_EX-10.11_Co-Branding Agreement,ImpresseCorp_20000322_S-1A_EX-10.11_5199234_EX-10.11_Co-Branding Agreement::p0019,para:ImpresseCorp_20000322_S-1A_EX-10.11_5199234_EX-10.11_Co-Branding Agreement::p0019,2.72,False,1,3,False,0.72
Q090,Cap On Liability,ImpresseCorp_20000322_S-1A_EX-10.11_5199234_EX-10.11_Co-Branding Agreement,ImpresseCorp_20000322_S-1A_EX-10.11_5199234_EX-10.11_Co-Branding Agreement::p0018,para:ImpresseCorp_20000322_S-1A_EX-10.11_5199234_EX-10.11_Co-Branding Agreement::p0018,1.81,False,2,3,False,0.4
Q090,Cap On Liability,ImpresseCorp_20000322_S-1A_EX-10.11_5199234_EX-10.11_Co-Branding Agreement,ImpresseCorp_20000322_S-1A_EX-10.11_5199234_EX-10.11_Co-Branding Agreement::p0024,para:ImpresseCorp_20000322_S-1A_EX-10.11_5199234_EX-10.11_Co-Branding Agreement::p0024,0.96,False,3,3,False,0.51
Q090,Cap On Liability,ImpresseCorp_20000322_S-1A_EX-10.11_5199234_EX-10.11_Co-Branding Agreement,ImpresseCorp_20000322_S-1A_EX-10.11_5199234_EX-10.11_Co-Branding Agreement::p0026,para:ImpresseCorp_20000322_S-1A_EX-10.11_5199234_EX-10.11_Co-Branding Agreement::p0026,0.72,True,4,3,False,0.28
Q090,Cap On Liability,ImpresseCorp_20000322_S-1A_EX-10.11_5199234_EX-10.11_Co-Branding Agreement,ImpresseCorp_20000322_S-1A_EX-10.11_5199234_EX-10.11_Co-Branding Agreement::p0029,para:ImpresseCorp_20000322_S-1A_EX-10.11_5199234_EX-10.11_Co-Branding Agreement::p0029,0.22,False,5,3,False,0.78
Q090,Cap On Liability,ImpresseCorp_20000322_S-1A_EX-10.11_5199234_EX-10.11_Co-Branding Agreement,ImpresseCorp_20000322_S-1A_EX-10.11_5199234_EX-10.11_Co-Branding Agreement::p0013,para:ImpresseCorp_20000322_S-1A_EX-10.11_5199234_EX-10.11_Co-Branding Agreement::p0013,0.16,False,6,3,False,0.84
Q090,Cap On Liability,ImpresseCorp_20000322_S-1A_EX-10.11_5199234_EX-10.11_Co-Branding Agreement,ImpresseCorp_20000322_S-1A_EX-10.11_5199234_EX-10.11_Co-Branding Agreement::p0021,para:ImpresseCorp_20000322_S-1A_EX-10.11_5199234_EX-10.11_Co-Branding Agreement::p0021,0.02,False,7,3,False,0.98
Q090,Cap On Liability,ImpresseCorp_20000322_S-1A_EX-10.11_5199234_EX-10.11_Co-Branding Agreement,ImpresseCorp_20000322_S-1A_EX-10.11_5199234_EX-10.11_Co-Branding Agreement::p0002,para:ImpresseCorp_20000322_S-1A_EX-10.11_5199234_EX-10.11_Co-Branding Agreement::p0002,0.0,False,8,3,False,1.0
Q090,Cap On Liability,ImpresseCorp_20000322_S-1A_EX-10.11_5199234_EX-10.11_Co-Branding Agreement,ImpresseCorp_20000322_S-1A_EX-10.11_5199234_EX-10.11_Co-Branding Agreement::p0001,para:ImpresseCorp_20000322_S-1A_EX-10.11_5199234_EX-10.11_Co-Branding Agreement::p0001,0.0,False,9,3,False,1.0
Q090,Cap On Liability,ImpresseCorp_20000322_S-1A_EX-10.11_5199234_EX-10.11_Co-Branding Agreement,ImpresseCorp_20000322_S-1A_EX-10.11_5199234_EX-10.11_Co-Branding Agreement::p0009,para:ImpresseCorp_20000322_S-1A_EX-10.11_5199234_EX-10.11_Co-Branding Agreement::p0009,0.0,False,10,3,False,1.0
Q091,Effective Date,SPORTHALEYINC_09_29_1997-EX-10.2-10-ENDORSEMENT AGREEMENT,SPORTHALEYINC_09_29_1997-EX-10.2-10-ENDORSEMENT AGREEMENT::p0000,para:SPORTHALEYINC_09_29_1997-EX-10.2-10-ENDORSEMENT AGREEMENT::p0000,2.81,True,1,1,False,0.81
Q091,Effective Date,SPORTHALEYINC_09_29_1997-EX-10.2-10-ENDORSEMENT AGREEMENT,SPORTHALEYINC_09_29_1997-EX-10.2-10-ENDORSEMENT AGREEMENT::p0005,para:SPORTHALEYINC_09_29_1997-EX-10.2-10-ENDORSEMENT AGREEMENT::p0005,2.22,False,2,1,False,0.22
Q091,Effective Date,SPORTHALEYINC_09_29_1997-EX-10.2-10-ENDORSEMENT AGREEMENT,SPORTHALEYINC_09_29_1997-EX-10.2-10-ENDORSEMENT AGREEMENT::p0009,para:SPORTHALEYINC_09_29_1997-EX-10.2-10-ENDORSEMENT AGREEMENT::p0009,0.86,False,3,1,False,0.57
Q091,Effective Date,SPORTHALEYINC_09_29_1997-EX-10.2-10-ENDORSEMENT AGREEMENT,SPORTHALEYINC_09_29_1997-EX-10.2-10-ENDORSEMENT AGREEMENT::p0006,para:SPORTHALEYINC_09_29_1997-EX-10.2-10-ENDORSEMENT AGREEMENT::p0006,0.11,False,4,1,False,0.89
Q091,Effective Date,SPORTHALEYINC_09_29_1997-EX-10.2-10-ENDORSEMENT AGREEMENT,SPORTHALEYINC_09_29_1997-EX-10.2-10-ENDORSEMENT AGREEMENT::p0003,para:SPORTHALEYINC_09_29_1997-EX-10.2-10-ENDORSEMENT AGREEMENT::p0003,0.09,False,5,1,False,0.91
Q091,Effective Date,SPORTHALEYINC_09_29_1997-EX-10.2-10-ENDORSEMENT AGREEMENT,SPORTHALEYINC_09_29_1997-EX-10.2-10-ENDORSEMENT AGREEMENT::p0007,para:SPORTHALEYINC_09_29_1997-EX-10.2-10-ENDORSEMENT AGREEMENT::p0007,0.03,False,6,1,False,0.97
Q091,Effective Date,SPORTHALEYINC_09_29_1997-EX-10.2-10-ENDORSEMENT AGREEMENT,SPORTHALEYINC_09_29_1997-EX-10.2-10-ENDORSEMENT AGREEMENT::p0001,para:SPORTHALEYINC_09_29_1997-EX-10.2-10-ENDORSEMENT AGREEMENT::p0001,0.02,False,7,1,False,0.98
Q091,Effective Date,SPORTHALEYINC_09_29_1997-EX-10.2-10-ENDORSEMENT AGREEMENT,SPORTHALEYINC_09_29_1997-EX-10.2-10-ENDORSEMENT AGREEMENT::p0004,para:SPORTHALEYINC_09_29_1997-EX-10.2-10-ENDORSEMENT AGREEMENT::p0004,0.02,False,8,1,False,0.98
Q091,Effective Date,SPORTHALEYINC_09_29_1997-EX-10.2-10-ENDORSEMENT AGREEMENT,SPORTHALEYINC_09_29_1997-EX-10.2-10-ENDORSEMENT AGREEMENT::p0008,para:SPORTHALEYINC_09_29_1997-EX-10.2-10-ENDORSEMENT AGREEMENT::p0008,0.02,False,9,1,False,0.98
Q091,Effective Date,SPORTHALEYINC_09_29_1997-EX-10.2-10-ENDORSEMENT AGREEMENT,SPORTHALEYINC_09_29_1997-EX-10.2-10-ENDORSEMENT AGREEMENT::p0002,para:SPORTHALEYINC_09_29_1997-EX-10.2-10-ENDORSEMENT AGREEMENT::p0002,0.0,False,10,1,False,1.0
Q092,Parties,"GRIDIRONBIONUTRIENTS,INC_02_05_2020-EX-10.3-SUPPLY AGREEMENT","GRIDIRONBIONUTRIENTS,INC_02_05_2020-EX-10.3-SUPPLY AGREEMENT::p0000","para:GRIDIRONBIONUTRIENTS,INC_02_05_2020-EX-10.3-SUPPLY AGREEMENT::p0000",2.97,True,1,3,False,0.97
Q092,Parties,"GRIDIRONBIONUTRIENTS,INC_02_05_2020-EX-10.3-SUPPLY AGREEMENT","GRIDIRONBIONUTRIENTS,INC_02_05_2020-EX-10.3-SUPPLY AGREEMENT::p0002","para:GRIDIRONBIONUTRIENTS,INC_02_05_2020-EX-10.3-SUPPLY AGREEMENT::p0002",2.89,False,2,3,False,0.89
Q092,Parties,"GRIDIRONBIONUTRIENTS,INC_02_05_2020-EX-10.3-SUPPLY AGREEMENT","GRIDIRONBIONUTRIENTS,INC_02_05_2020-EX-10.3-SUPPLY AGREEMENT::p0004","para:GRIDIRONBIONUTRIENTS,INC_02_05_2020-EX-10.3-SUPPLY AGREEMENT::p0004",2.58,False,3,3,False,0.58
Q092,Parties,"GRIDIRONBIONUTRIENTS,INC_02_05_2020-EX-10.3-SUPPLY AGREEMENT","GRIDIRONBIONUTRIENTS,INC_02_05_2020-EX-10.3-SUPPLY AGREEMENT::p0001","para:GRIDIRONBIONUTRIENTS,INC_02_05_2020-EX-10.3-SUPPLY AGREEMENT::p0001",2.27,False,4,3,False,0.27
Q092,Parties,"GRIDIRONBIONUTRIENTS,INC_02_05_2020-EX-10.3-SUPPLY AGREEMENT","GRIDIRONBIONUTRIENTS,INC_02_05_2020-EX-10.3-SUPPLY AGREEMENT::p0003","para:GRIDIRONBIONUTRIENTS,INC_02_05_2020-EX-10.3-SUPPLY AGREEMENT::p0003",0.55,False,5,3,False,0.45
Q093,Cap On Liability,MOELIS_CO_03_24_2014-EX-10.19-STRATEGIC ALLIANCE AGREEMENT,MOELIS_CO_03_24_2014-EX-10.19-STRATEGIC ALLIANCE AGREEMENT::p0073,para:MOELIS_CO_03_24_2014-EX-10.19-STRATEGIC ALLIANCE AGREEMENT::p0073,2.64,True,1,47,True,0.64
Q093,Cap On Liability,MOELIS_CO_03_24_2014-EX-10.19-STRATEGIC ALLIANCE AGREEMENT,MOELIS_CO_03_24_2014-EX-10.19-STRATEGIC ALLIANCE AGREEMENT::p0072,para:MOELIS_CO_03_24_2014-EX-10.19-STRATEGIC ALLIANCE AGREEMENT::p0072,2.47,False,2,47,True,0.47
Q093,Cap On Liability,MOELIS_CO_03_24_2014-EX-10.19-STRATEGIC ALLIANCE AGREEMENT,MOELIS_CO_03_24_2014-EX-10.19-STRATEGIC ALLIANCE AGREEMENT::p0029,para:MOELIS_CO_03_24_2014-EX-10.19-STRATEGIC ALLIANCE AGREEMENT::p0029,0.55,False,3,47,True,0.45
Q093,Cap On Liability,MOELIS_CO_03_24_2014-EX-10.19-STRATEGIC ALLIANCE AGREEMENT,MOELIS_CO_03_24_2014-EX-10.19-STRATEGIC ALLIANCE AGREEMENT::p0103,para:MOELIS_CO_03_24_2014-EX-10.19-STRATEGIC ALLIANCE AGREEMENT::p0103,0.16,False,4,47,True,0.84
Q093,Cap On Liability,MOELIS_CO_03_24_2014-EX-10.19-STRATEGIC ALLIANCE AGREEMENT,MOELIS_CO_03_24_2014-EX-10.19-STRATEGIC ALLIANCE AGREEMENT::p0024,para:MOELIS_CO_03_24_2014-EX-10.19-STRATEGIC ALLIANCE AGREEMENT::p0024,0.04,False,5,47,True,0.96
Q093,Cap On Liability,MOELIS_CO_03_24_2014-EX-10.19-STRATEGIC ALLIANCE AGREEMENT,MOELIS_CO_03_24_2014-EX-10.19-STRATEGIC ALLIANCE AGREEMENT::p0028,para:MOELIS_CO_03_24_2014-EX-10.19-STRATEGIC ALLIANCE AGREEMENT::p0028,0.02,False,6,47,True,0.98
Q093,Cap On Liability,MOELIS_CO_03_24_2014-EX-10.19-STRATEGIC ALLIANCE AGREEMENT,MOELIS_CO_03_24_2014-EX-10.19-STRATEGIC ALLIANCE AGREEMENT::p0023,para:MOELIS_CO_03_24_2014-EX-10.19-STRATEGIC ALLIANCE AGREEMENT::p0023,0.02,False,7,47,True,0.98
Q093,Cap On Liability,MOELIS_CO_03_24_2014-EX-10.19-STRATEGIC ALLIANCE AGREEMENT,MOELIS_CO_03_24_2014-EX-10.19-STRATEGIC ALLIANCE AGREEMENT::p0081,para:MOELIS_CO_03_24_2014-EX-10.19-STRATEGIC ALLIANCE AGREEMENT::p0081,0.02,False,8,47,True,0.98
Q093,Cap On Liability,MOELIS_CO_03_24_2014-EX-10.19-STRATEGIC ALLIANCE AGREEMENT,MOELIS_CO_03_24_2014-EX-10.19-STRATEGIC ALLIANCE AGREEMENT::p0062,para:MOELIS_CO_03_24_2014-EX-10.19-STRATEGIC ALLIANCE AGREEMENT::p0062,0.01,False,9,47,True,0.99
Q093,Cap On Liability,MOELIS_CO_03_24_2014-EX-10.19-STRATEGIC ALLIANCE AGREEMENT,MOELIS_CO_03_24_2014-EX-10.19-STRATEGIC ALLIANCE AGREEMENT::p0025,para:MOELIS_CO_03_24_2014-EX-10.19-STRATEGIC ALLIANCE AGREEMENT::p0025,0.0,False,10,47,True,1.0
Q094,Revenue/Profit Sharing,TEARDROPGOLFCO_10_23_1996-EX-10.12-ENDORSEMENT AGREEMENT,TEARDROPGOLFCO_10_23_1996-EX-10.12-ENDORSEMENT AGREEMENT::p0008,para:TEARDROPGOLFCO_10_23_1996-EX-10.12-ENDORSEMENT AGREEMENT::p0008,2.97,True,1,9,False,0.97
Q094,Revenue/Profit Sharing,TEARDROPGOLFCO_10_23_1996-EX-10.12-ENDORSEMENT AGREEMENT,TEARDROPGOLFCO_10_23_1996-EX-10.12-ENDORSEMENT AGREEMENT::p0013,para:TEARDROPGOLFCO_10_23_1996-EX-10.12-ENDORSEMENT AGREEMENT::p0013,1.75,False,2,9,False,0.25
Q094,Revenue/Profit Sharing,TEARDROPGOLFCO_10_23_1996-EX-10.12-ENDORSEMENT AGREEMENT,TEARDROPGOLFCO_10_23_1996-EX-10.12-ENDORSEMENT AGREEMENT::p0011,para:TEARDROPGOLFCO_10_23_1996-EX-10.12-ENDORSEMENT AGREEMENT::p0011,1.58,False,3,9,False,0.19
Q094,Revenue/Profit Sharing,TEARDROPGOLFCO_10_23_1996-EX-10.12-ENDORSEMENT AGREEMENT,TEARDROPGOLFCO_10_23_1996-EX-10.12-ENDORSEMENT AGREEMENT::p0012,para:TEARDROPGOLFCO_10_23_1996-EX-10.12-ENDORSEMENT AGREEMENT::p0012,1.14,False,4,9,False,0.47
Q094,Revenue/Profit Sharing,TEARDROPGOLFCO_10_23_1996-EX-10.12-ENDORSEMENT AGREEMENT,TEARDROPGOLFCO_10_23_1996-EX-10.12-ENDORSEMENT AGREEMENT::p0015,para:TEARDROPGOLFCO_10_23_1996-EX-10.12-ENDORSEMENT AGREEMENT::p0015,0.68,False,5,9,False,0.32
Q094,Revenue/Profit Sharing,TEARDROPGOLFCO_10_23_1996-EX-10.12-ENDORSEMENT AGREEMENT,TEARDROPGOLFCO_10_23_1996-EX-10.12-ENDORSEMENT AGREEMENT::p0014,para:TEARDROPGOLFCO_10_23_1996-EX-10.12-ENDORSEMENT AGREEMENT::p0014,0.49,False,6,9,False,0.51
Q094,Revenue/Profit Sharing,TEARDROPGOLFCO_10_23_1996-EX-10.12-ENDORSEMENT AGREEMENT,TEARDROPGOLFCO_10_23_1996-EX-10.12-ENDORSEMENT AGREEMENT::p0010,para:TEARDROPGOLFCO_10_23_1996-EX-10.12-ENDORSEMENT AGREEMENT::p0010,0.16,False,7,9,False,0.84
Q094,Revenue/Profit Sharing,TEARDROPGOLFCO_10_23_1996-EX-10.12-ENDORSEMENT AGREEMENT,TEARDROPGOLFCO_10_23_1996-EX-10.12-ENDORSEMENT AGREEMENT::p0002,para:TEARDROPGOLFCO_10_23_1996-EX-10.12-ENDORSEMENT AGREEMENT::p0002,0.14,False,8,9,False,0.86
Q094,Revenue/Profit Sharing,TEARDROPGOLFCO_10_23_1996-EX-10.12-ENDORSEMENT AGREEMENT,TEARDROPGOLFCO_10_23_1996-EX-10.12-ENDORSEMENT AGREEMENT::p0003,para:TEARDROPGOLFCO_10_23_1996-EX-10.12-ENDORSEMENT AGREEMENT::p0003,0.06,False,9,9,False,0.94
Q094,Revenue/Profit Sharing,TEARDROPGOLFCO_10_23_1996-EX-10.12-ENDORSEMENT AGREEMENT,TEARDROPGOLFCO_10_23_1996-EX-10.12-ENDORSEMENT AGREEMENT::p0004,para:TEARDROPGOLFCO_10_23_1996-EX-10.12-ENDORSEMENT AGREEMENT::p0004,0.02,False,10,9,False,0.98
Q095,Expiration Date,"CURAEGISTECHNOLOGIES,INC_05_26_2010-EX-1-CORPORATE SPONSORSHIP AGREEMENT","CURAEGISTECHNOLOGIES,INC_05_26_2010-EX-1-CORPORATE SPONSORSHIP AGREEMENT::p0000","para:CURAEGISTECHNOLOGIES,INC_05_26_2010-EX-1-CORPORATE SPONSORSHIP AGREEMENT::p0000",2.31,True,1,1,False,0.31
Q095,Expiration Date,"CURAEGISTECHNOLOGIES,INC_05_26_2010-EX-1-CORPORATE SPONSORSHIP AGREEMENT","CURAEGISTECHNOLOGIES,INC_05_26_2010-EX-1-CORPORATE SPONSORSHIP AGREEMENT::p0004","para:CURAEGISTECHNOLOGIES,INC_05_26_2010-EX-1-CORPORATE SPONSORSHIP AGREEMENT::p0004",0.56,False,2,1,False,0.44
Q095,Expiration Date,"CURAEGISTECHNOLOGIES,INC_05_26_2010-EX-1-CORPORATE SPONSORSHIP AGREEMENT","CURAEGISTECHNOLOGIES,INC_05_26_2010-EX-1-CORPORATE SPONSORSHIP AGREEMENT::p0002","para:CURAEGISTECHNOLOGIES,INC_05_26_2010-EX-1-CORPORATE SPONSORSHIP AGREEMENT::p0002",0.45,False,3,1,False,0.55
Q095,Expiration Date,"CURAEGISTECHNOLOGIES,INC_05_26_2010-EX-1-CORPORATE SPONSORSHIP AGREEMENT","CURAEGISTECHNOLOGIES,INC_05_26_2010-EX-1-CORPORATE SPONSORSHIP AGREEMENT::p0007","para:CURAEGISTECHNOLOGIES,INC_05_26_2010-EX-1-CORPORATE SPONSORSHIP AGREEMENT::p0007",0.24,False,4,1,False,0.76
Q095,Expiration Date,"CURAEGISTECHNOLOGIES,INC_05_26_2010-EX-1-CORPORATE SPONSORSHIP AGREEMENT","CURAEGISTECHNOLOGIES,INC_05_26_2010-EX-1-CORPORATE SPONSORSHIP AGREEMENT::p0001","para:CURAEGISTECHNOLOGIES,INC_05_26_2010-EX-1-CORPORATE SPONSORSHIP AGREEMENT::p0001",0.09,False,5,1,False,0.91
Q095,Expiration Date,"CURAEGISTECHNOLOGIES,INC_05_26_2010-EX-1-CORPORATE SPONSORSHIP AGREEMENT","CURAEGISTECHNOLOGIES,INC_05_26_2010-EX-1-CORPORATE SPONSORSHIP AGREEMENT::p0006","para:CURAEGISTECHNOLOGIES,INC_05_26_2010-EX-1-CORPORATE SPONSORSHIP AGREEMENT::p0006",0.03,False,6,1,False,0.97
Q095,Expiration Date,"CURAEGISTECHNOLOGIES,INC_05_26_2010-EX-1-CORPORATE SPONSORSHIP AGREEMENT","CURAEGISTECHNOLOGIES,INC_05_26_2010-EX-1-CORPORATE SPONSORSHIP AGREEMENT::p0008","para:CURAEGISTECHNOLOGIES,INC_05_26_2010-EX-1-CORPORATE SPONSORSHIP AGREEMENT::p0008",0.01,False,7,1,False,0.99
Q095,Expiration Date,"CURAEGISTECHNOLOGIES,INC_05_26_2010-EX-1-CORPORATE SPONSORSHIP AGREEMENT","CURAEGISTECHNOLOGIES,INC_05_26_2010-EX-1-CORPORATE SPONSORSHIP AGREEMENT::p0005","para:CURAEGISTECHNOLOGIES,INC_05_26_2010-EX-1-CORPORATE SPONSORSHIP AGREEMENT::p0005",0.01,False,8,1,False,0.99
Q095,Expiration Date,"CURAEGISTECHNOLOGIES,INC_05_26_2010-EX-1-CORPORATE SPONSORSHIP AGREEMENT","CURAEGISTECHNOLOGIES,INC_05_26_2010-EX-1-CORPORATE SPONSORSHIP AGREEMENT::p0003","para:CURAEGISTECHNOLOGIES,INC_05_26_2010-EX-1-CORPORATE SPONSORSHIP AGREEMENT::p0003",0.0,False,9,1,False,1.0
Q095,Expiration Date,"CURAEGISTECHNOLOGIES,INC_05_26_2010-EX-1-CORPORATE SPONSORSHIP AGREEMENT","CURAEGISTECHNOLOGIES,INC_05_26_2010-EX-1-CORPORATE SPONSORSHIP AGREEMENT::p0009","para:CURAEGISTECHNOLOGIES,INC_05_26_2010-EX-1-CORPORATE SPONSORSHIP AGREEMENT::p0009",0.0,False,10,1,False,1.0
Q096,Audit Rights,INTRICONCORP_03_10_2009-EX-10.22-Strategic Alliance Agreement,INTRICONCORP_03_10_2009-EX-10.22-Strategic Alliance Agreement::p0024,para:INTRICONCORP_03_10_2009-EX-10.22-Strategic Alliance Agreement::p0024,3.0,True,1,1,False,1.0
Q096,Audit Rights,INTRICONCORP_03_10_2009-EX-10.22-Strategic Alliance Agreement,INTRICONCORP_03_10_2009-EX-10.22-Strategic Alliance Agreement::p0025,para:INTRICONCORP_03_10_2009-EX-10.22-Strategic Alliance Agreement::p0025,2.88,False,2,1,False,0.88
Q096,Audit Rights,INTRICONCORP_03_10_2009-EX-10.22-Strategic Alliance Agreement,INTRICONCORP_03_10_2009-EX-10.22-Strategic Alliance Agreement::p0034,para:INTRICONCORP_03_10_2009-EX-10.22-Strategic Alliance Agreement::p0034,0.04,False,3,1,False,0.96
Q096,Audit Rights,INTRICONCORP_03_10_2009-EX-10.22-Strategic Alliance Agreement,INTRICONCORP_03_10_2009-EX-10.22-Strategic Alliance Agreement::p0012,para:INTRICONCORP_03_10_2009-EX-10.22-Strategic Alliance Agreement::p0012,0.03,False,4,1,False,0.97
Q096,Audit Rights,INTRICONCORP_03_10_2009-EX-10.22-Strategic Alliance Agreement,INTRICONCORP_03_10_2009-EX-10.22-Strategic Alliance Agreement::p0004,para:INTRICONCORP_03_10_2009-EX-10.22-Strategic Alliance Agreement::p0004,0.02,False,5,1,False,0.98
Q096,Audit Rights,INTRICONCORP_03_10_2009-EX-10.22-Strategic Alliance Agreement,INTRICONCORP_03_10_2009-EX-10.22-Strategic Alliance Agreement::p0002,para:INTRICONCORP_03_10_2009-EX-10.22-Strategic Alliance Agreement::p0002,0.01,False,6,1,False,0.99
Q096,Audit Rights,INTRICONCORP_03_10_2009-EX-10.22-Strategic Alliance Agreement,INTRICONCORP_03_10_2009-EX-10.22-Strategic Alliance Agreement::p0011,para:INTRICONCORP_03_10_2009-EX-10.22-Strategic Alliance Agreement::p0011,0.01,False,7,1,False,0.99
Q096,Audit Rights,INTRICONCORP_03_10_2009-EX-10.22-Strategic Alliance Agreement,INTRICONCORP_03_10_2009-EX-10.22-Strategic Alliance Agreement::p0013,para:INTRICONCORP_03_10_2009-EX-10.22-Strategic Alliance Agreement::p0013,0.0,False,8,1,False,1.0
Q096,Audit Rights,INTRICONCORP_03_10_2009-EX-10.22-Strategic Alliance Agreement,INTRICONCORP_03_10_2009-EX-10.22-Strategic Alliance Agreement::p0037,para:INTRICONCORP_03_10_2009-EX-10.22-Strategic Alliance Agreement::p0037,0.0,False,9,1,False,1.0
Q096,Audit Rights,INTRICONCORP_03_10_2009-EX-10.22-Strategic Alliance Agreement,INTRICONCORP_03_10_2009-EX-10.22-Strategic Alliance Agreement::p0030,para:INTRICONCORP_03_10_2009-EX-10.22-Strategic Alliance Agreement::p0030,0.0,False,10,1,False,1.0
Q097,Audit Rights,EtonPharmaceuticalsInc_20191114_10-Q_EX-10.1_11893941_EX-10.1_Development Agreement,EtonPharmaceuticalsInc_20191114_10-Q_EX-10.1_11893941_EX-10.1_Development Agreement::p0020,para:EtonPharmaceuticalsInc_20191114_10-Q_EX-10.1_11893941_EX-10.1_Development Agreement::p0020,3.0,True,1,2,False,1.0
Q097,Audit Rights,EtonPharmaceuticalsInc_20191114_10-Q_EX-10.1_11893941_EX-10.1_Development Agreement,EtonPharmaceuticalsInc_20191114_10-Q_EX-10.1_11893941_EX-10.1_Development Agreement::p0045,para:EtonPharmaceuticalsInc_20191114_10-Q_EX-10.1_11893941_EX-10.1_Development Agreement::p0045,1.67,False,2,2,False,0.39
Q097,Audit Rights,EtonPharmaceuticalsInc_20191114_10-Q_EX-10.1_11893941_EX-10.1_Development Agreement,EtonPharmaceuticalsInc_20191114_10-Q_EX-10.1_11893941_EX-10.1_Development Agreement::p0046,para:EtonPharmaceuticalsInc_20191114_10-Q_EX-10.1_11893941_EX-10.1_Development Agreement::p0046,1.59,False,3,2,False,0.26
Q097,Audit Rights,EtonPharmaceuticalsInc_20191114_10-Q_EX-10.1_11893941_EX-10.1_Development Agreement,EtonPharmaceuticalsInc_20191114_10-Q_EX-10.1_11893941_EX-10.1_Development Agreement::p0040,para:EtonPharmaceuticalsInc_20191114_10-Q_EX-10.1_11893941_EX-10.1_Development Agreement::p0040,0.05,False,4,2,False,0.95
Q097,Audit Rights,EtonPharmaceuticalsInc_20191114_10-Q_EX-10.1_11893941_EX-10.1_Development Agreement,EtonPharmaceuticalsInc_20191114_10-Q_EX-10.1_11893941_EX-10.1_Development Agreement::p0013,para:EtonPharmaceuticalsInc_20191114_10-Q_EX-10.1_11893941_EX-10.1_Development Agreement::p0013,0.02,False,5,2,False,0.98
Q097,Audit Rights,EtonPharmaceuticalsInc_20191114_10-Q_EX-10.1_11893941_EX-10.1_Development Agreement,EtonPharmaceuticalsInc_20191114_10-Q_EX-10.1_11893941_EX-10.1_Development Agreement::p0027,para:EtonPharmaceuticalsInc_20191114_10-Q_EX-10.1_11893941_EX-10.1_Development Agreement::p0027,0.01,False,6,2,False,0.99
Q097,Audit Rights,EtonPharmaceuticalsInc_20191114_10-Q_EX-10.1_11893941_EX-10.1_Development Agreement,EtonPharmaceuticalsInc_20191114_10-Q_EX-10.1_11893941_EX-10.1_Development Agreement::p0035,para:EtonPharmaceuticalsInc_20191114_10-Q_EX-10.1_11893941_EX-10.1_Development Agreement::p0035,0.0,False,7,2,False,1.0
Q097,Audit Rights,EtonPharmaceuticalsInc_20191114_10-Q_EX-10.1_11893941_EX-10.1_Development Agreement,EtonPharmaceuticalsInc_20191114_10-Q_EX-10.1_11893941_EX-10.1_Development Agreement::p0029,para:EtonPharmaceuticalsInc_20191114_10-Q_EX-10.1_11893941_EX-10.1_Development Agreement::p0029,0.0,False,8,2,False,1.0
Q097,Audit Rights,EtonPharmaceuticalsInc_20191114_10-Q_EX-10.1_11893941_EX-10.1_Development Agreement,EtonPharmaceuticalsInc_20191114_10-Q_EX-10.1_11893941_EX-10.1_Development Agreement::p0052,para:EtonPharmaceuticalsInc_20191114_10-Q_EX-10.1_11893941_EX-10.1_Development Agreement::p0052,0.0,False,9,2,False,1.0
Q097,Audit Rights,EtonPharmaceuticalsInc_20191114_10-Q_EX-10.1_11893941_EX-10.1_Development Agreement,EtonPharmaceuticalsInc_20191114_10-Q_EX-10.1_11893941_EX-10.1_Development Agreement::p0025,para:EtonPharmaceuticalsInc_20191114_10-Q_EX-10.1_11893941_EX-10.1_Development Agreement::p0025,0.0,False,10,2,False,1.0
Q098,Competitive Restriction Exception,EdietsComInc_20001030_10QSB_EX-10.4_2606646_EX-10.4_Co-Branding Agreement,EdietsComInc_20001030_10QSB_EX-10.4_2606646_EX-10.4_Co-Branding Agreement::p0009,para:EdietsComInc_20001030_10QSB_EX-10.4_2606646_EX-10.4_Co-Branding Agreement::p0009,2.96,True,1,11,True,0.96
Q098,Competitive Restriction Exception,EdietsComInc_20001030_10QSB_EX-10.4_2606646_EX-10.4_Co-Branding Agreement,EdietsComInc_20001030_10QSB_EX-10.4_2606646_EX-10.4_Co-Branding Agreement::p0008,para:EdietsComInc_20001030_10QSB_EX-10.4_2606646_EX-10.4_Co-Branding Agreement::p0008,1.76,False,2,11,True,0.0
Q098,Competitive Restriction Exception,EdietsComInc_20001030_10QSB_EX-10.4_2606646_EX-10.4_Co-Branding Agreement,EdietsComInc_20001030_10QSB_EX-10.4_2606646_EX-10.4_Co-Branding Agreement::p0005,para:EdietsComInc_20001030_10QSB_EX-10.4_2606646_EX-10.4_Co-Branding Agreement::p0005,1.26,False,3,11,True,0.43
Q098,Competitive Restriction Exception,EdietsComInc_20001030_10QSB_EX-10.4_2606646_EX-10.4_Co-Branding Agreement,EdietsComInc_20001030_10QSB_EX-10.4_2606646_EX-10.4_Co-Branding Agreement::p0033,para:EdietsComInc_20001030_10QSB_EX-10.4_2606646_EX-10.4_Co-Branding Agreement::p0033,0.09,False,4,11,True,0.91
Q098,Competitive Restriction Exception,EdietsComInc_20001030_10QSB_EX-10.4_2606646_EX-10.4_Co-Branding Agreement,EdietsComInc_20001030_10QSB_EX-10.4_2606646_EX-10.4_Co-Branding Agreement::p0003,para:EdietsComInc_20001030_10QSB_EX-10.4_2606646_EX-10.4_Co-Branding Agreement::p0003,0.07,False,5,11,True,0.93
Q098,Competitive Restriction Exception,EdietsComInc_20001030_10QSB_EX-10.4_2606646_EX-10.4_Co-Branding Agreement,EdietsComInc_20001030_10QSB_EX-10.4_2606646_EX-10.4_Co-Branding Agreement::p0014,para:EdietsComInc_20001030_10QSB_EX-10.4_2606646_EX-10.4_Co-Branding Agreement::p0014,0.02,False,6,11,True,0.98
Q098,Competitive Restriction Exception,EdietsComInc_20001030_10QSB_EX-10.4_2606646_EX-10.4_Co-Branding Agreement,EdietsComInc_20001030_10QSB_EX-10.4_2606646_EX-10.4_Co-Branding Agreement::p0015,para:EdietsComInc_20001030_10QSB_EX-10.4_2606646_EX-10.4_Co-Branding Agreement::p0015,0.02,False,7,11,True,0.98
Q098,Competitive Restriction Exception,EdietsComInc_20001030_10QSB_EX-10.4_2606646_EX-10.4_Co-Branding Agreement,EdietsComInc_20001030_10QSB_EX-10.4_2606646_EX-10.4_Co-Branding Agreement::p0044,para:EdietsComInc_20001030_10QSB_EX-10.4_2606646_EX-10.4_Co-Branding Agreement::p0044,0.01,False,8,11,True,0.99
Q098,Competitive Restriction Exception,EdietsComInc_20001030_10QSB_EX-10.4_2606646_EX-10.4_Co-Branding Agreement,EdietsComInc_20001030_10QSB_EX-10.4_2606646_EX-10.4_Co-Branding Agreement::p0023,para:EdietsComInc_20001030_10QSB_EX-10.4_2606646_EX-10.4_Co-Branding Agreement::p0023,0.01,False,9,11,True,0.99
Q098,Competitive Restriction Exception,EdietsComInc_20001030_10QSB_EX-10.4_2606646_EX-10.4_Co-Branding Agreement,EdietsComInc_20001030_10QSB_EX-10.4_2606646_EX-10.4_Co-Branding Agreement::p0022,para:EdietsComInc_20001030_10QSB_EX-10.4_2606646_EX-10.4_Co-Branding Agreement::p0022,0.01,False,10,11,True,0.99
Q099,License Grant,ScansourceInc_20190822_10-K_EX-10.38_11793958_EX-10.38_Distributor Agreement1,ScansourceInc_20190822_10-K_EX-10.38_11793958_EX-10.38_Distributor Agreement1::p0018,para:ScansourceInc_20190822_10-K_EX-10.38_11793958_EX-10.38_Distributor Agreement1::p0018,2.99,True,1,17,True,0.99
Q099,License Grant,ScansourceInc_20190822_10-K_EX-10.38_11793958_EX-10.38_Distributor Agreement1,ScansourceInc_20190822_10-K_EX-10.38_11793958_EX-10.38_Distributor Agreement1::p0049,para:ScansourceInc_20190822_10-K_EX-10.38_11793958_EX-10.38_Distributor Agreement1::p0049,2.78,False,2,17,True,0.78
Q099,License Grant,ScansourceInc_20190822_10-K_EX-10.38_11793958_EX-10.38_Distributor Agreement1,ScansourceInc_20190822_10-K_EX-10.38_11793958_EX-10.38_Distributor Agreement1::p0044,para:ScansourceInc_20190822_10-K_EX-10.38_11793958_EX-10.38_Distributor Agreement1::p0044,1.82,False,3,17,True,0.38
Q099,License Grant,ScansourceInc_20190822_10-K_EX-10.38_11793958_EX-10.38_Distributor Agreement1,ScansourceInc_20190822_10-K_EX-10.38_11793958_EX-10.38_Distributor Agreement1::p0057,para:ScansourceInc_20190822_10-K_EX-10.38_11793958_EX-10.38_Distributor Agreement1::p0057,1.55,False,4,17,True,0.34
Q099,License Grant,ScansourceInc_20190822_10-K_EX-10.38_11793958_EX-10.38_Distributor Agreement1,ScansourceInc_20190822_10-K_EX-10.38_11793958_EX-10.38_Distributor Agreement1::p0054,para:ScansourceInc_20190822_10-K_EX-10.38_11793958_EX-10.38_Distributor Agreement1::p0054,1.4,False,5,17,True,0.41
Q099,License Grant,ScansourceInc_20190822_10-K_EX-10.38_11793958_EX-10.38_Distributor Agreement1,ScansourceInc_20190822_10-K_EX-10.38_11793958_EX-10.38_Distributor Agreement1::p0055,para:ScansourceInc_20190822_10-K_EX-10.38_11793958_EX-10.38_Distributor Agreement1::p0055,1.39,False,6,17,True,0.41
Q099,License Grant,ScansourceInc_20190822_10-K_EX-10.38_11793958_EX-10.38_Distributor Agreement1,ScansourceInc_20190822_10-K_EX-10.38_11793958_EX-10.38_Distributor Agreement1::p0008,para:ScansourceInc_20190822_10-K_EX-10.38_11793958_EX-10.38_Distributor Agreement1::p0008,0.91,False,7,17,True,0.56
Q099,License Grant,ScansourceInc_20190822_10-K_EX-10.38_11793958_EX-10.38_Distributor Agreement1,ScansourceInc_20190822_10-K_EX-10.38_11793958_EX-10.38_Distributor Agreement1::p0009,para:ScansourceInc_20190822_10-K_EX-10.38_11793958_EX-10.38_Distributor Agreement1::p0009,0.59,False,8,17,True,0.49
Q099,License Grant,ScansourceInc_20190822_10-K_EX-10.38_11793958_EX-10.38_Distributor Agreement1,ScansourceInc_20190822_10-K_EX-10.38_11793958_EX-10.38_Distributor Agreement1::p0043,para:ScansourceInc_20190822_10-K_EX-10.38_11793958_EX-10.38_Distributor Agreement1::p0043,0.14,False,9,17,True,0.86
Q099,License Grant,ScansourceInc_20190822_10-K_EX-10.38_11793958_EX-10.38_Distributor Agreement1,ScansourceInc_20190822_10-K_EX-10.38_11793958_EX-10.38_Distributor Agreement1::p0014,para:ScansourceInc_20190822_10-K_EX-10.38_11793958_EX-10.38_Distributor Agreement1::p0014,0.03,False,10,17,True,0.97
Q100,Notice Period To Terminate Renewal,CENTRACKINTERNATIONALINC_10_29_1999-EX-10.3-WEB SITE HOSTING AGREEMENT,CENTRACKINTERNATIONALINC_10_29_1999-EX-10.3-WEB SITE HOSTING AGREEMENT::p0007,para:CENTRACKINTERNATIONALINC_10_29_1999-EX-10.3-WEB SITE HOSTING AGREEMENT::p0007,2.99,True,1,1,False,0.99
Q100,Notice Period To Terminate Renewal,CENTRACKINTERNATIONALINC_10_29_1999-EX-10.3-WEB SITE HOSTING AGREEMENT,CENTRACKINTERNATIONALINC_10_29_1999-EX-10.3-WEB SITE HOSTING AGREEMENT::p0003,para:CENTRACKINTERNATIONALINC_10_29_1999-EX-10.3-WEB SITE HOSTING AGREEMENT::p0003,0.03,False,2,1,False,0.97
Q100,Notice Period To Terminate Renewal,CENTRACKINTERNATIONALINC_10_29_1999-EX-10.3-WEB SITE HOSTING AGREEMENT,CENTRACKINTERNATIONALINC_10_29_1999-EX-10.3-WEB SITE HOSTING AGREEMENT::p0000,para:CENTRACKINTERNATIONALINC_10_29_1999-EX-10.3-WEB SITE HOSTING AGREEMENT::p0000,0.02,False,3,1,False,0.98
Q100,Notice Period To Terminate Renewal,CENTRACKINTERNATIONALINC_10_29_1999-EX-10.3-WEB SITE HOSTING AGREEMENT,CENTRACKINTERNATIONALINC_10_29_1999-EX-10.3-WEB SITE HOSTING AGREEMENT::p0009,para:CENTRACKINTERNATIONALINC_10_29_1999-EX-10.3-WEB SITE HOSTING AGREEMENT::p0009,0.01,False,4,1,False,0.99
Q100,Notice Period To Terminate Renewal,CENTRACKINTERNATIONALINC_10_29_1999-EX-10.3-WEB SITE HOSTING AGREEMENT,CENTRACKINTERNATIONALINC_10_29_1999-EX-10.3-WEB SITE HOSTING AGREEMENT::p0006,para:CENTRACKINTERNATIONALINC_10_29_1999-EX-10.3-WEB SITE HOSTING AGREEMENT::p0006,0.0,False,5,1,False,1.0
Q100,Notice Period To Terminate Renewal,CENTRACKINTERNATIONALINC_10_29_1999-EX-10.3-WEB SITE HOSTING AGREEMENT,CENTRACKINTERNATIONALINC_10_29_1999-EX-10.3-WEB SITE HOSTING AGREEMENT::p0001,para:CENTRACKINTERNATIONALINC_10_29_1999-EX-10.3-WEB SITE HOSTING AGREEMENT::p0001,0.0,False,6,1,False,1.0
Q100,Notice Period To Terminate Renewal,CENTRACKINTERNATIONALINC_10_29_1999-EX-10.3-WEB SITE HOSTING AGREEMENT,CENTRACKINTERNATIONALINC_10_29_1999-EX-10.3-WEB SITE HOSTING AGREEMENT::p0004,para:CENTRACKINTERNATIONALINC_10_29_1999-EX-10.3-WEB SITE HOSTING AGREEMENT::p0004,0.0,False,7,1,False,1.0
Q100,Notice Period To Terminate Renewal,CENTRACKINTERNATIONALINC_10_29_1999-EX-10.3-WEB SITE HOSTING AGREEMENT,CENTRACKINTERNATIONALINC_10_29_1999-EX-10.3-WEB SITE HOSTING AGREEMENT::p0005,para:CENTRACKINTERNATIONALINC_10_29_1999-EX-10.3-WEB SITE HOSTING AGREEMENT::p0005,0.0,False,8,1,False,1.0
Q100,Notice Period To Terminate Renewal,CENTRACKINTERNATIONALINC_10_29_1999-EX-10.3-WEB SITE HOSTING AGREEMENT,CENTRACKINTERNATIONALINC_10_29_1999-EX-10.3-WEB SITE HOSTING AGREEMENT::p0008,para:CENTRACKINTERNATIONALINC_10_29_1999-EX-10.3-WEB SITE HOSTING AGREEMENT::p0008,0.0,False,9,1,False,1.0
Q100,Notice Period To Terminate Renewal,CENTRACKINTERNATIONALINC_10_29_1999-EX-10.3-WEB SITE HOSTING AGREEMENT,CENTRACKINTERNATIONALINC_10_29_1999-EX-10.3-WEB SITE HOSTING AGREEMENT::p0002,para:CENTRACKINTERNATIONALINC_10_29_1999-EX-10.3-WEB SITE HOSTING AGREEMENT::p0002,0.0,False,10,1,False,1.0
